merchantId,merchantName,mccCode
17790709561,17790709561name,22222
17790709562,17790709562name,22222
17790709563,17790709563name,22222
17790709564,17790709564name,22222
17790709565,17790709565name,22222
17790709566,17790709566name,22222
17790709567,17790709567name,22222
17790709568,17790709568name,22222
17790709569,17790709569name,22222
177907095610,177907095610name,22222
177907095611,177907095611name,22222
177907095612,177907095612name,22222
177907095613,177907095613name,22222
177907095614,177907095614name,22222
177907095615,177907095615name,22222
177907095616,177907095616name,22222
177907095617,177907095617name,22222
177907095618,177907095618name,22222
177907095619,177907095619name,22222
177907095620,177907095620name,22222
177907095621,177907095621name,22222
177907095622,177907095622name,22222
177907095623,177907095623name,22222
177907095624,177907095624name,22222
177907095625,177907095625name,22222
177907095626,177907095626name,22222
177907095627,177907095627name,22222
177907095628,177907095628name,22222
177907095629,177907095629name,22222
177907095630,177907095630name,22222
177907095631,177907095631name,22222
177907095632,177907095632name,22222
177907095633,177907095633name,22222
177907095634,177907095634name,22222
177907095635,177907095635name,22222
177907095636,177907095636name,22222
177907095637,177907095637name,22222
177907095638,177907095638name,22222
177907095639,177907095639name,22222
177907095640,177907095640name,22222
177907095641,177907095641name,22222
177907095642,177907095642name,22222
177907095643,177907095643name,22222
177907095644,177907095644name,22222
177907095645,177907095645name,22222
177907095646,177907095646name,22222
177907095647,177907095647name,22222
177907095648,177907095648name,22222
177907095649,177907095649name,22222
177907095650,177907095650name,22222
177907095651,177907095651name,22222
177907095652,177907095652name,22222
177907095653,177907095653name,22222
177907095654,177907095654name,22222
177907095655,177907095655name,22222
177907095656,177907095656name,22222
177907095657,177907095657name,22222
177907095658,177907095658name,22222
177907095659,177907095659name,22222
177907095660,177907095660name,22222
177907095661,177907095661name,22222
177907095662,177907095662name,22222
177907095663,177907095663name,22222
177907095664,177907095664name,22222
177907095665,177907095665name,22222
177907095666,177907095666name,22222
177907095667,177907095667name,22222
177907095668,177907095668name,22222
177907095669,177907095669name,22222
177907095670,177907095670name,22222
177907095671,177907095671name,22222
177907095672,177907095672name,22222
177907095673,177907095673name,22222
177907095674,177907095674name,22222
177907095675,177907095675name,22222
177907095676,177907095676name,22222
177907095677,177907095677name,22222
177907095678,177907095678name,22222
177907095679,177907095679name,22222
177907095680,177907095680name,22222
177907095681,177907095681name,22222
177907095682,177907095682name,22222
177907095683,177907095683name,22222
177907095684,177907095684name,22222
177907095685,177907095685name,22222
177907095686,177907095686name,22222
177907095687,177907095687name,22222
177907095688,177907095688name,22222
177907095689,177907095689name,22222
177907095690,177907095690name,22222
177907095691,177907095691name,22222
177907095692,177907095692name,22222
177907095693,177907095693name,22222
177907095694,177907095694name,22222
177907095695,177907095695name,22222
177907095696,177907095696name,22222
177907095697,177907095697name,22222
177907095698,177907095698name,22222
177907095699,177907095699name,22222
1779070956100,1779070956100name,22222
1779070956101,1779070956101name,22222
1779070956102,1779070956102name,22222
1779070956103,1779070956103name,22222
1779070956104,1779070956104name,22222
1779070956105,1779070956105name,22222
1779070956106,1779070956106name,22222
1779070956107,1779070956107name,22222
1779070956108,1779070956108name,22222
1779070956109,1779070956109name,22222
1779070956110,1779070956110name,22222
1779070956111,1779070956111name,22222
1779070956112,1779070956112name,22222
1779070956113,1779070956113name,22222
1779070956114,1779070956114name,22222
1779070956115,1779070956115name,22222
1779070956116,1779070956116name,22222
1779070956117,1779070956117name,22222
1779070956118,1779070956118name,22222
1779070956119,1779070956119name,22222
1779070956120,1779070956120name,22222
1779070956121,1779070956121name,22222
1779070956122,1779070956122name,22222
1779070956123,1779070956123name,22222
1779070956124,1779070956124name,22222
1779070956125,1779070956125name,22222
1779070956126,1779070956126name,22222
1779070956127,1779070956127name,22222
1779070956128,1779070956128name,22222
1779070956129,1779070956129name,22222
1779070956130,1779070956130name,22222
1779070956131,1779070956131name,22222
1779070956132,1779070956132name,22222
1779070956133,1779070956133name,22222
1779070956134,1779070956134name,22222
1779070956135,1779070956135name,22222
1779070956136,1779070956136name,22222
1779070956137,1779070956137name,22222
1779070956138,1779070956138name,22222
1779070956139,1779070956139name,22222
1779070956140,1779070956140name,22222
1779070956141,1779070956141name,22222
1779070956142,1779070956142name,22222
1779070956143,1779070956143name,22222
1779070956144,1779070956144name,22222
1779070956145,1779070956145name,22222
1779070956146,1779070956146name,22222
1779070956147,1779070956147name,22222
1779070956148,1779070956148name,22222
1779070956149,1779070956149name,22222
1779070956150,1779070956150name,22222
1779070956151,1779070956151name,22222
1779070956152,1779070956152name,22222
1779070956153,1779070956153name,22222
1779070956154,1779070956154name,22222
1779070956155,1779070956155name,22222
1779070956156,1779070956156name,22222
1779070956157,1779070956157name,22222
1779070956158,1779070956158name,22222
1779070956159,1779070956159name,22222
1779070956160,1779070956160name,22222
1779070956161,1779070956161name,22222
1779070956162,1779070956162name,22222
1779070956163,1779070956163name,22222
1779070956164,1779070956164name,22222
1779070956165,1779070956165name,22222
1779070956166,1779070956166name,22222
1779070956167,1779070956167name,22222
1779070956168,1779070956168name,22222
1779070956169,1779070956169name,22222
1779070956170,1779070956170name,22222
1779070956171,1779070956171name,22222
1779070956172,1779070956172name,22222
1779070956173,1779070956173name,22222
1779070956174,1779070956174name,22222
1779070956175,1779070956175name,22222
1779070956176,1779070956176name,22222
1779070956177,1779070956177name,22222
1779070956178,1779070956178name,22222
1779070956179,1779070956179name,22222
1779070956180,1779070956180name,22222
1779070956181,1779070956181name,22222
1779070956182,1779070956182name,22222
1779070956183,1779070956183name,22222
1779070956184,1779070956184name,22222
1779070956185,1779070956185name,22222
1779070956186,1779070956186name,22222
1779070956187,1779070956187name,22222
1779070956188,1779070956188name,22222
1779070956189,1779070956189name,22222
1779070956190,1779070956190name,22222
1779070956191,1779070956191name,22222
1779070956192,1779070956192name,22222
1779070956193,1779070956193name,22222
1779070956194,1779070956194name,22222
1779070956195,1779070956195name,22222
1779070956196,1779070956196name,22222
1779070956197,1779070956197name,22222
1779070956198,1779070956198name,22222
1779070956199,1779070956199name,22222
1779070956200,1779070956200name,22222
1779070956201,1779070956201name,22222
1779070956202,1779070956202name,22222
1779070956203,1779070956203name,22222
1779070956204,1779070956204name,22222
1779070956205,1779070956205name,22222
1779070956206,1779070956206name,22222
1779070956207,1779070956207name,22222
1779070956208,1779070956208name,22222
1779070956209,1779070956209name,22222
1779070956210,1779070956210name,22222
1779070956211,1779070956211name,22222
1779070956212,1779070956212name,22222
1779070956213,1779070956213name,22222
1779070956214,1779070956214name,22222
1779070956215,1779070956215name,22222
1779070956216,1779070956216name,22222
1779070956217,1779070956217name,22222
1779070956218,1779070956218name,22222
1779070956219,1779070956219name,22222
1779070956220,1779070956220name,22222
1779070956221,1779070956221name,22222
1779070956222,1779070956222name,22222
1779070956223,1779070956223name,22222
1779070956224,1779070956224name,22222
1779070956225,1779070956225name,22222
1779070956226,1779070956226name,22222
1779070956227,1779070956227name,22222
1779070956228,1779070956228name,22222
1779070956229,1779070956229name,22222
1779070956230,1779070956230name,22222
1779070956231,1779070956231name,22222
1779070956232,1779070956232name,22222
1779070956233,1779070956233name,22222
1779070956234,1779070956234name,22222
1779070956235,1779070956235name,22222
1779070956236,1779070956236name,22222
1779070956237,1779070956237name,22222
1779070956238,1779070956238name,22222
1779070956239,1779070956239name,22222
1779070956240,1779070956240name,22222
1779070956241,1779070956241name,22222
1779070956242,1779070956242name,22222
1779070956243,1779070956243name,22222
1779070956244,1779070956244name,22222
1779070956245,1779070956245name,22222
1779070956246,1779070956246name,22222
1779070956247,1779070956247name,22222
1779070956248,1779070956248name,22222
1779070956249,1779070956249name,22222
1779070956250,1779070956250name,22222
1779070956251,1779070956251name,22222
1779070956252,1779070956252name,22222
1779070956253,1779070956253name,22222
1779070956254,1779070956254name,22222
1779070956255,1779070956255name,22222
1779070956256,1779070956256name,22222
1779070956257,1779070956257name,22222
1779070956258,1779070956258name,22222
1779070956259,1779070956259name,22222
1779070956260,1779070956260name,22222
1779070956261,1779070956261name,22222
1779070956262,1779070956262name,22222
1779070956263,1779070956263name,22222
1779070956264,1779070956264name,22222
1779070956265,1779070956265name,22222
1779070956266,1779070956266name,22222
1779070956267,1779070956267name,22222
1779070956268,1779070956268name,22222
1779070956269,1779070956269name,22222
1779070956270,1779070956270name,22222
1779070956271,1779070956271name,22222
1779070956272,1779070956272name,22222
1779070956273,1779070956273name,22222
1779070956274,1779070956274name,22222
1779070956275,1779070956275name,22222
1779070956276,1779070956276name,22222
1779070956277,1779070956277name,22222
1779070956278,1779070956278name,22222
1779070956279,1779070956279name,22222
1779070956280,1779070956280name,22222
1779070956281,1779070956281name,22222
1779070956282,1779070956282name,22222
1779070956283,1779070956283name,22222
1779070956284,1779070956284name,22222
1779070956285,1779070956285name,22222
1779070956286,1779070956286name,22222
1779070956287,1779070956287name,22222
1779070956288,1779070956288name,22222
1779070956289,1779070956289name,22222
1779070956290,1779070956290name,22222
1779070956291,1779070956291name,22222
1779070956292,1779070956292name,22222
1779070956293,1779070956293name,22222
1779070956294,1779070956294name,22222
1779070956295,1779070956295name,22222
1779070956296,1779070956296name,22222
1779070956297,1779070956297name,22222
1779070956298,1779070956298name,22222
1779070956299,1779070956299name,22222
1779070956300,1779070956300name,22222
1779070956301,1779070956301name,22222
1779070956302,1779070956302name,22222
1779070956303,1779070956303name,22222
1779070956304,1779070956304name,22222
1779070956305,1779070956305name,22222
1779070956306,1779070956306name,22222
1779070956307,1779070956307name,22222
1779070956308,1779070956308name,22222
1779070956309,1779070956309name,22222
1779070956310,1779070956310name,22222
1779070956311,1779070956311name,22222
1779070956312,1779070956312name,22222
1779070956313,1779070956313name,22222
1779070956314,1779070956314name,22222
1779070956315,1779070956315name,22222
1779070956316,1779070956316name,22222
1779070956317,1779070956317name,22222
1779070956318,1779070956318name,22222
1779070956319,1779070956319name,22222
1779070956320,1779070956320name,22222
1779070956321,1779070956321name,22222
1779070956322,1779070956322name,22222
1779070956323,1779070956323name,22222
1779070956324,1779070956324name,22222
1779070956325,1779070956325name,22222
1779070956326,1779070956326name,22222
1779070956327,1779070956327name,22222
1779070956328,1779070956328name,22222
1779070956329,1779070956329name,22222
1779070956330,1779070956330name,22222
1779070956331,1779070956331name,22222
1779070956332,1779070956332name,22222
1779070956333,1779070956333name,22222
1779070956334,1779070956334name,22222
1779070956335,1779070956335name,22222
1779070956336,1779070956336name,22222
1779070956337,1779070956337name,22222
1779070956338,1779070956338name,22222
1779070956339,1779070956339name,22222
1779070956340,1779070956340name,22222
1779070956341,1779070956341name,22222
1779070956342,1779070956342name,22222
1779070956343,1779070956343name,22222
1779070956344,1779070956344name,22222
1779070956345,1779070956345name,22222
1779070956346,1779070956346name,22222
1779070956347,1779070956347name,22222
1779070956348,1779070956348name,22222
1779070956349,1779070956349name,22222
1779070956350,1779070956350name,22222
1779070956351,1779070956351name,22222
1779070956352,1779070956352name,22222
1779070956353,1779070956353name,22222
1779070956354,1779070956354name,22222
1779070956355,1779070956355name,22222
1779070956356,1779070956356name,22222
1779070956357,1779070956357name,22222
1779070956358,1779070956358name,22222
1779070956359,1779070956359name,22222
1779070956360,1779070956360name,22222
1779070956361,1779070956361name,22222
1779070956362,1779070956362name,22222
1779070956363,1779070956363name,22222
1779070956364,1779070956364name,22222
1779070956365,1779070956365name,22222
1779070956366,1779070956366name,22222
1779070956367,1779070956367name,22222
1779070956368,1779070956368name,22222
1779070956369,1779070956369name,22222
1779070956370,1779070956370name,22222
1779070956371,1779070956371name,22222
1779070956372,1779070956372name,22222
1779070956373,1779070956373name,22222
1779070956374,1779070956374name,22222
1779070956375,1779070956375name,22222
1779070956376,1779070956376name,22222
1779070956377,1779070956377name,22222
1779070956378,1779070956378name,22222
1779070956379,1779070956379name,22222
1779070956380,1779070956380name,22222
1779070956381,1779070956381name,22222
1779070956382,1779070956382name,22222
1779070956383,1779070956383name,22222
1779070956384,1779070956384name,22222
1779070956385,1779070956385name,22222
1779070956386,1779070956386name,22222
1779070956387,1779070956387name,22222
1779070956388,1779070956388name,22222
1779070956389,1779070956389name,22222
1779070956390,1779070956390name,22222
1779070956391,1779070956391name,22222
1779070956392,1779070956392name,22222
1779070956393,1779070956393name,22222
1779070956394,1779070956394name,22222
1779070956395,1779070956395name,22222
1779070956396,1779070956396name,22222
1779070956397,1779070956397name,22222
1779070956398,1779070956398name,22222
1779070956399,1779070956399name,22222
1779070956400,1779070956400name,22222
1779070956401,1779070956401name,22222
1779070956402,1779070956402name,22222
1779070956403,1779070956403name,22222
1779070956404,1779070956404name,22222
1779070956405,1779070956405name,22222
1779070956406,1779070956406name,22222
1779070956407,1779070956407name,22222
1779070956408,1779070956408name,22222
1779070956409,1779070956409name,22222
1779070956410,1779070956410name,22222
1779070956411,1779070956411name,22222
1779070956412,1779070956412name,22222
1779070956413,1779070956413name,22222
1779070956414,1779070956414name,22222
1779070956415,1779070956415name,22222
1779070956416,1779070956416name,22222
1779070956417,1779070956417name,22222
1779070956418,1779070956418name,22222
1779070956419,1779070956419name,22222
1779070956420,1779070956420name,22222
1779070956421,1779070956421name,22222
1779070956422,1779070956422name,22222
1779070956423,1779070956423name,22222
1779070956424,1779070956424name,22222
1779070956425,1779070956425name,22222
1779070956426,1779070956426name,22222
1779070956427,1779070956427name,22222
1779070956428,1779070956428name,22222
1779070956429,1779070956429name,22222
1779070956430,1779070956430name,22222
1779070956431,1779070956431name,22222
1779070956432,1779070956432name,22222
1779070956433,1779070956433name,22222
1779070956434,1779070956434name,22222
1779070956435,1779070956435name,22222
1779070956436,1779070956436name,22222
1779070956437,1779070956437name,22222
1779070956438,1779070956438name,22222
1779070956439,1779070956439name,22222
1779070956440,1779070956440name,22222
1779070956441,1779070956441name,22222
1779070956442,1779070956442name,22222
1779070956443,1779070956443name,22222
1779070956444,1779070956444name,22222
1779070956445,1779070956445name,22222
1779070956446,1779070956446name,22222
1779070956447,1779070956447name,22222
1779070956448,1779070956448name,22222
1779070956449,1779070956449name,22222
1779070956450,1779070956450name,22222
1779070956451,1779070956451name,22222
1779070956452,1779070956452name,22222
1779070956453,1779070956453name,22222
1779070956454,1779070956454name,22222
1779070956455,1779070956455name,22222
1779070956456,1779070956456name,22222
1779070956457,1779070956457name,22222
1779070956458,1779070956458name,22222
1779070956459,1779070956459name,22222
1779070956460,1779070956460name,22222
1779070956461,1779070956461name,22222
1779070956462,1779070956462name,22222
1779070956463,1779070956463name,22222
1779070956464,1779070956464name,22222
1779070956465,1779070956465name,22222
1779070956466,1779070956466name,22222
1779070956467,1779070956467name,22222
1779070956468,1779070956468name,22222
1779070956469,1779070956469name,22222
1779070956470,1779070956470name,22222
1779070956471,1779070956471name,22222
1779070956472,1779070956472name,22222
1779070956473,1779070956473name,22222
1779070956474,1779070956474name,22222
1779070956475,1779070956475name,22222
1779070956476,1779070956476name,22222
1779070956477,1779070956477name,22222
1779070956478,1779070956478name,22222
1779070956479,1779070956479name,22222
1779070956480,1779070956480name,22222
1779070956481,1779070956481name,22222
1779070956482,1779070956482name,22222
1779070956483,1779070956483name,22222
1779070956484,1779070956484name,22222
1779070956485,1779070956485name,22222
1779070956486,1779070956486name,22222
1779070956487,1779070956487name,22222
1779070956488,1779070956488name,22222
1779070956489,1779070956489name,22222
1779070956490,1779070956490name,22222
1779070956491,1779070956491name,22222
1779070956492,1779070956492name,22222
1779070956493,1779070956493name,22222
1779070956494,1779070956494name,22222
1779070956495,1779070956495name,22222
1779070956496,1779070956496name,22222
1779070956497,1779070956497name,22222
1779070956498,1779070956498name,22222
1779070956499,1779070956499name,22222
1779070956500,1779070956500name,22222
1779070956501,1779070956501name,22222
1779070956502,1779070956502name,22222
1779070956503,1779070956503name,22222
1779070956504,1779070956504name,22222
1779070956505,1779070956505name,22222
1779070956506,1779070956506name,22222
1779070956507,1779070956507name,22222
1779070956508,1779070956508name,22222
1779070956509,1779070956509name,22222
1779070956510,1779070956510name,22222
1779070956511,1779070956511name,22222
1779070956512,1779070956512name,22222
1779070956513,1779070956513name,22222
1779070956514,1779070956514name,22222
1779070956515,1779070956515name,22222
1779070956516,1779070956516name,22222
1779070956517,1779070956517name,22222
1779070956518,1779070956518name,22222
1779070956519,1779070956519name,22222
1779070956520,1779070956520name,22222
1779070956521,1779070956521name,22222
1779070956522,1779070956522name,22222
1779070956523,1779070956523name,22222
1779070956524,1779070956524name,22222
1779070956525,1779070956525name,22222
1779070956526,1779070956526name,22222
1779070956527,1779070956527name,22222
1779070956528,1779070956528name,22222
1779070956529,1779070956529name,22222
1779070956530,1779070956530name,22222
1779070956531,1779070956531name,22222
1779070956532,1779070956532name,22222
1779070956533,1779070956533name,22222
1779070956534,1779070956534name,22222
1779070956535,1779070956535name,22222
1779070956536,1779070956536name,22222
1779070956537,1779070956537name,22222
1779070956538,1779070956538name,22222
1779070956539,1779070956539name,22222
1779070956540,1779070956540name,22222
1779070956541,1779070956541name,22222
1779070956542,1779070956542name,22222
1779070956543,1779070956543name,22222
1779070956544,1779070956544name,22222
1779070956545,1779070956545name,22222
1779070956546,1779070956546name,22222
1779070956547,1779070956547name,22222
1779070956548,1779070956548name,22222
1779070956549,1779070956549name,22222
1779070956550,1779070956550name,22222
1779070956551,1779070956551name,22222
1779070956552,1779070956552name,22222
1779070956553,1779070956553name,22222
1779070956554,1779070956554name,22222
1779070956555,1779070956555name,22222
1779070956556,1779070956556name,22222
1779070956557,1779070956557name,22222
1779070956558,1779070956558name,22222
1779070956559,1779070956559name,22222
1779070956560,1779070956560name,22222
1779070956561,1779070956561name,22222
1779070956562,1779070956562name,22222
1779070956563,1779070956563name,22222
1779070956564,1779070956564name,22222
1779070956565,1779070956565name,22222
1779070956566,1779070956566name,22222
1779070956567,1779070956567name,22222
1779070956568,1779070956568name,22222
1779070956569,1779070956569name,22222
1779070956570,1779070956570name,22222
1779070956571,1779070956571name,22222
1779070956572,1779070956572name,22222
1779070956573,1779070956573name,22222
1779070956574,1779070956574name,22222
1779070956575,1779070956575name,22222
1779070956576,1779070956576name,22222
1779070956577,1779070956577name,22222
1779070956578,1779070956578name,22222
1779070956579,1779070956579name,22222
1779070956580,1779070956580name,22222
1779070956581,1779070956581name,22222
1779070956582,1779070956582name,22222
1779070956583,1779070956583name,22222
1779070956584,1779070956584name,22222
1779070956585,1779070956585name,22222
1779070956586,1779070956586name,22222
1779070956587,1779070956587name,22222
1779070956588,1779070956588name,22222
1779070956589,1779070956589name,22222
1779070956590,1779070956590name,22222
1779070956591,1779070956591name,22222
1779070956592,1779070956592name,22222
1779070956593,1779070956593name,22222
1779070956594,1779070956594name,22222
1779070956595,1779070956595name,22222
1779070956596,1779070956596name,22222
1779070956597,1779070956597name,22222
1779070956598,1779070956598name,22222
1779070956599,1779070956599name,22222
1779070956600,1779070956600name,22222
1779070956601,1779070956601name,22222
1779070956602,1779070956602name,22222
1779070956603,1779070956603name,22222
1779070956604,1779070956604name,22222
1779070956605,1779070956605name,22222
1779070956606,1779070956606name,22222
1779070956607,1779070956607name,22222
1779070956608,1779070956608name,22222
1779070956609,1779070956609name,22222
1779070956610,1779070956610name,22222
1779070956611,1779070956611name,22222
1779070956612,1779070956612name,22222
1779070956613,1779070956613name,22222
1779070956614,1779070956614name,22222
1779070956615,1779070956615name,22222
1779070956616,1779070956616name,22222
1779070956617,1779070956617name,22222
1779070956618,1779070956618name,22222
1779070956619,1779070956619name,22222
1779070956620,1779070956620name,22222
1779070956621,1779070956621name,22222
1779070956622,1779070956622name,22222
1779070956623,1779070956623name,22222
1779070956624,1779070956624name,22222
1779070956625,1779070956625name,22222
1779070956626,1779070956626name,22222
1779070956627,1779070956627name,22222
1779070956628,1779070956628name,22222
1779070956629,1779070956629name,22222
1779070956630,1779070956630name,22222
1779070956631,1779070956631name,22222
1779070956632,1779070956632name,22222
1779070956633,1779070956633name,22222
1779070956634,1779070956634name,22222
1779070956635,1779070956635name,22222
1779070956636,1779070956636name,22222
1779070956637,1779070956637name,22222
1779070956638,1779070956638name,22222
1779070956639,1779070956639name,22222
1779070956640,1779070956640name,22222
1779070956641,1779070956641name,22222
1779070956642,1779070956642name,22222
1779070956643,1779070956643name,22222
1779070956644,1779070956644name,22222
1779070956645,1779070956645name,22222
1779070956646,1779070956646name,22222
1779070956647,1779070956647name,22222
1779070956648,1779070956648name,22222
1779070956649,1779070956649name,22222
1779070956650,1779070956650name,22222
1779070956651,1779070956651name,22222
1779070956652,1779070956652name,22222
1779070956653,1779070956653name,22222
1779070956654,1779070956654name,22222
1779070956655,1779070956655name,22222
1779070956656,1779070956656name,22222
1779070956657,1779070956657name,22222
1779070956658,1779070956658name,22222
1779070956659,1779070956659name,22222
1779070956660,1779070956660name,22222
1779070956661,1779070956661name,22222
1779070956662,1779070956662name,22222
1779070956663,1779070956663name,22222
1779070956664,1779070956664name,22222
1779070956665,1779070956665name,22222
1779070956666,1779070956666name,22222
1779070956667,1779070956667name,22222
1779070956668,1779070956668name,22222
1779070956669,1779070956669name,22222
1779070956670,1779070956670name,22222
1779070956671,1779070956671name,22222
1779070956672,1779070956672name,22222
1779070956673,1779070956673name,22222
1779070956674,1779070956674name,22222
1779070956675,1779070956675name,22222
1779070956676,1779070956676name,22222
1779070956677,1779070956677name,22222
1779070956678,1779070956678name,22222
1779070956679,1779070956679name,22222
1779070956680,1779070956680name,22222
1779070956681,1779070956681name,22222
1779070956682,1779070956682name,22222
1779070956683,1779070956683name,22222
1779070956684,1779070956684name,22222
1779070956685,1779070956685name,22222
1779070956686,1779070956686name,22222
1779070956687,1779070956687name,22222
1779070956688,1779070956688name,22222
1779070956689,1779070956689name,22222
1779070956690,1779070956690name,22222
1779070956691,1779070956691name,22222
1779070956692,1779070956692name,22222
1779070956693,1779070956693name,22222
1779070956694,1779070956694name,22222
1779070956695,1779070956695name,22222
1779070956696,1779070956696name,22222
1779070956697,1779070956697name,22222
1779070956698,1779070956698name,22222
1779070956699,1779070956699name,22222
1779070956700,1779070956700name,22222
1779070956701,1779070956701name,22222
1779070956702,1779070956702name,22222
1779070956703,1779070956703name,22222
1779070956704,1779070956704name,22222
1779070956705,1779070956705name,22222
1779070956706,1779070956706name,22222
1779070956707,1779070956707name,22222
1779070956708,1779070956708name,22222
1779070956709,1779070956709name,22222
1779070956710,1779070956710name,22222
1779070956711,1779070956711name,22222
1779070956712,1779070956712name,22222
1779070956713,1779070956713name,22222
1779070956714,1779070956714name,22222
1779070956715,1779070956715name,22222
1779070956716,1779070956716name,22222
1779070956717,1779070956717name,22222
1779070956718,1779070956718name,22222
1779070956719,1779070956719name,22222
1779070956720,1779070956720name,22222
1779070956721,1779070956721name,22222
1779070956722,1779070956722name,22222
1779070956723,1779070956723name,22222
1779070956724,1779070956724name,22222
1779070956725,1779070956725name,22222
1779070956726,1779070956726name,22222
1779070956727,1779070956727name,22222
1779070956728,1779070956728name,22222
1779070956729,1779070956729name,22222
1779070956730,1779070956730name,22222
1779070956731,1779070956731name,22222
1779070956732,1779070956732name,22222
1779070956733,1779070956733name,22222
1779070956734,1779070956734name,22222
1779070956735,1779070956735name,22222
1779070956736,1779070956736name,22222
1779070956737,1779070956737name,22222
1779070956738,1779070956738name,22222
1779070956739,1779070956739name,22222
1779070956740,1779070956740name,22222
1779070956741,1779070956741name,22222
1779070956742,1779070956742name,22222
1779070956743,1779070956743name,22222
1779070956744,1779070956744name,22222
1779070956745,1779070956745name,22222
1779070956746,1779070956746name,22222
1779070956747,1779070956747name,22222
1779070956748,1779070956748name,22222
1779070956749,1779070956749name,22222
1779070956750,1779070956750name,22222
1779070956751,1779070956751name,22222
1779070956752,1779070956752name,22222
1779070956753,1779070956753name,22222
1779070956754,1779070956754name,22222
1779070956755,1779070956755name,22222
1779070956756,1779070956756name,22222
1779070956757,1779070956757name,22222
1779070956758,1779070956758name,22222
1779070956759,1779070956759name,22222
1779070956760,1779070956760name,22222
1779070956761,1779070956761name,22222
1779070956762,1779070956762name,22222
1779070956763,1779070956763name,22222
1779070956764,1779070956764name,22222
1779070956765,1779070956765name,22222
1779070956766,1779070956766name,22222
1779070956767,1779070956767name,22222
1779070956768,1779070956768name,22222
1779070956769,1779070956769name,22222
1779070956770,1779070956770name,22222
1779070956771,1779070956771name,22222
1779070956772,1779070956772name,22222
1779070956773,1779070956773name,22222
1779070956774,1779070956774name,22222
1779070956775,1779070956775name,22222
1779070956776,1779070956776name,22222
1779070956777,1779070956777name,22222
1779070956778,1779070956778name,22222
1779070956779,1779070956779name,22222
1779070956780,1779070956780name,22222
1779070956781,1779070956781name,22222
1779070956782,1779070956782name,22222
1779070956783,1779070956783name,22222
1779070956784,1779070956784name,22222
1779070956785,1779070956785name,22222
1779070956786,1779070956786name,22222
1779070956787,1779070956787name,22222
1779070956788,1779070956788name,22222
1779070956789,1779070956789name,22222
1779070956790,1779070956790name,22222
1779070956791,1779070956791name,22222
1779070956792,1779070956792name,22222
1779070956793,1779070956793name,22222
1779070956794,1779070956794name,22222
1779070956795,1779070956795name,22222
1779070956796,1779070956796name,22222
1779070956797,1779070956797name,22222
1779070956798,1779070956798name,22222
1779070956799,1779070956799name,22222
1779070956800,1779070956800name,22222
1779070956801,1779070956801name,22222
1779070956802,1779070956802name,22222
1779070956803,1779070956803name,22222
1779070956804,1779070956804name,22222
1779070956805,1779070956805name,22222
1779070956806,1779070956806name,22222
1779070956807,1779070956807name,22222
1779070956808,1779070956808name,22222
1779070956809,1779070956809name,22222
1779070956810,1779070956810name,22222
1779070956811,1779070956811name,22222
1779070956812,1779070956812name,22222
1779070956813,1779070956813name,22222
1779070956814,1779070956814name,22222
1779070956815,1779070956815name,22222
1779070956816,1779070956816name,22222
1779070956817,1779070956817name,22222
1779070956818,1779070956818name,22222
1779070956819,1779070956819name,22222
1779070956820,1779070956820name,22222
1779070956821,1779070956821name,22222
1779070956822,1779070956822name,22222
1779070956823,1779070956823name,22222
1779070956824,1779070956824name,22222
1779070956825,1779070956825name,22222
1779070956826,1779070956826name,22222
1779070956827,1779070956827name,22222
1779070956828,1779070956828name,22222
1779070956829,1779070956829name,22222
1779070956830,1779070956830name,22222
1779070956831,1779070956831name,22222
1779070956832,1779070956832name,22222
1779070956833,1779070956833name,22222
1779070956834,1779070956834name,22222
1779070956835,1779070956835name,22222
1779070956836,1779070956836name,22222
1779070956837,1779070956837name,22222
1779070956838,1779070956838name,22222
1779070956839,1779070956839name,22222
1779070956840,1779070956840name,22222
1779070956841,1779070956841name,22222
1779070956842,1779070956842name,22222
1779070956843,1779070956843name,22222
1779070956844,1779070956844name,22222
1779070956845,1779070956845name,22222
1779070956846,1779070956846name,22222
1779070956847,1779070956847name,22222
1779070956848,1779070956848name,22222
1779070956849,1779070956849name,22222
1779070956850,1779070956850name,22222
1779070956851,1779070956851name,22222
1779070956852,1779070956852name,22222
1779070956853,1779070956853name,22222
1779070956854,1779070956854name,22222
1779070956855,1779070956855name,22222
1779070956856,1779070956856name,22222
1779070956857,1779070956857name,22222
1779070956858,1779070956858name,22222
1779070956859,1779070956859name,22222
1779070956860,1779070956860name,22222
1779070956861,1779070956861name,22222
1779070956862,1779070956862name,22222
1779070956863,1779070956863name,22222
1779070956864,1779070956864name,22222
1779070956865,1779070956865name,22222
1779070956866,1779070956866name,22222
1779070956867,1779070956867name,22222
1779070956868,1779070956868name,22222
1779070956869,1779070956869name,22222
1779070956870,1779070956870name,22222
1779070956871,1779070956871name,22222
1779070956872,1779070956872name,22222
1779070956873,1779070956873name,22222
1779070956874,1779070956874name,22222
1779070956875,1779070956875name,22222
1779070956876,1779070956876name,22222
1779070956877,1779070956877name,22222
1779070956878,1779070956878name,22222
1779070956879,1779070956879name,22222
1779070956880,1779070956880name,22222
1779070956881,1779070956881name,22222
1779070956882,1779070956882name,22222
1779070956883,1779070956883name,22222
1779070956884,1779070956884name,22222
1779070956885,1779070956885name,22222
1779070956886,1779070956886name,22222
1779070956887,1779070956887name,22222
1779070956888,1779070956888name,22222
1779070956889,1779070956889name,22222
1779070956890,1779070956890name,22222
1779070956891,1779070956891name,22222
1779070956892,1779070956892name,22222
1779070956893,1779070956893name,22222
1779070956894,1779070956894name,22222
1779070956895,1779070956895name,22222
1779070956896,1779070956896name,22222
1779070956897,1779070956897name,22222
1779070956898,1779070956898name,22222
1779070956899,1779070956899name,22222
1779070956900,1779070956900name,22222
1779070956901,1779070956901name,22222
1779070956902,1779070956902name,22222
1779070956903,1779070956903name,22222
1779070956904,1779070956904name,22222
1779070956905,1779070956905name,22222
1779070956906,1779070956906name,22222
1779070956907,1779070956907name,22222
1779070956908,1779070956908name,22222
1779070956909,1779070956909name,22222
1779070956910,1779070956910name,22222
1779070956911,1779070956911name,22222
1779070956912,1779070956912name,22222
1779070956913,1779070956913name,22222
1779070956914,1779070956914name,22222
1779070956915,1779070956915name,22222
1779070956916,1779070956916name,22222
1779070956917,1779070956917name,22222
1779070956918,1779070956918name,22222
1779070956919,1779070956919name,22222
1779070956920,1779070956920name,22222
1779070956921,1779070956921name,22222
1779070956922,1779070956922name,22222
1779070956923,1779070956923name,22222
1779070956924,1779070956924name,22222
1779070956925,1779070956925name,22222
1779070956926,1779070956926name,22222
1779070956927,1779070956927name,22222
1779070956928,1779070956928name,22222
1779070956929,1779070956929name,22222
1779070956930,1779070956930name,22222
1779070956931,1779070956931name,22222
1779070956932,1779070956932name,22222
1779070956933,1779070956933name,22222
1779070956934,1779070956934name,22222
1779070956935,1779070956935name,22222
1779070956936,1779070956936name,22222
1779070956937,1779070956937name,22222
1779070956938,1779070956938name,22222
1779070956939,1779070956939name,22222
1779070956940,1779070956940name,22222
1779070956941,1779070956941name,22222
1779070956942,1779070956942name,22222
1779070956943,1779070956943name,22222
1779070956944,1779070956944name,22222
1779070956945,1779070956945name,22222
1779070956946,1779070956946name,22222
1779070956947,1779070956947name,22222
1779070956948,1779070956948name,22222
1779070956949,1779070956949name,22222
1779070956950,1779070956950name,22222
1779070956951,1779070956951name,22222
1779070956952,1779070956952name,22222
1779070956953,1779070956953name,22222
1779070956954,1779070956954name,22222
1779070956955,1779070956955name,22222
1779070956956,1779070956956name,22222
1779070956957,1779070956957name,22222
1779070956958,1779070956958name,22222
1779070956959,1779070956959name,22222
1779070956960,1779070956960name,22222
1779070956961,1779070956961name,22222
1779070956962,1779070956962name,22222
1779070956963,1779070956963name,22222
1779070956964,1779070956964name,22222
1779070956965,1779070956965name,22222
1779070956966,1779070956966name,22222
1779070956967,1779070956967name,22222
1779070956968,1779070956968name,22222
1779070956969,1779070956969name,22222
1779070956970,1779070956970name,22222
1779070956971,1779070956971name,22222
1779070956972,1779070956972name,22222
1779070956973,1779070956973name,22222
1779070956974,1779070956974name,22222
1779070956975,1779070956975name,22222
1779070956976,1779070956976name,22222
1779070956977,1779070956977name,22222
1779070956978,1779070956978name,22222
1779070956979,1779070956979name,22222
1779070956980,1779070956980name,22222
1779070956981,1779070956981name,22222
1779070956982,1779070956982name,22222
1779070956983,1779070956983name,22222
1779070956984,1779070956984name,22222
1779070956985,1779070956985name,22222
1779070956986,1779070956986name,22222
1779070956987,1779070956987name,22222
1779070956988,1779070956988name,22222
1779070956989,1779070956989name,22222
1779070956990,1779070956990name,22222
1779070956991,1779070956991name,22222
1779070956992,1779070956992name,22222
1779070956993,1779070956993name,22222
1779070956994,1779070956994name,22222
1779070956995,1779070956995name,22222
1779070956996,1779070956996name,22222
1779070956997,1779070956997name,22222
1779070956998,1779070956998name,22222
1779070956999,1779070956999name,22222
17790709561000,17790709561000name,22222
17790709561001,17790709561001name,22222
17790709561002,17790709561002name,22222
17790709561003,17790709561003name,22222
17790709561004,17790709561004name,22222
17790709561005,17790709561005name,22222
17790709561006,17790709561006name,22222
17790709561007,17790709561007name,22222
17790709561008,17790709561008name,22222
17790709561009,17790709561009name,22222
17790709561010,17790709561010name,22222
17790709561011,17790709561011name,22222
17790709561012,17790709561012name,22222
17790709561013,17790709561013name,22222
17790709561014,17790709561014name,22222
17790709561015,17790709561015name,22222
17790709561016,17790709561016name,22222
17790709561017,17790709561017name,22222
17790709561018,17790709561018name,22222
17790709561019,17790709561019name,22222
17790709561020,17790709561020name,22222
17790709561021,17790709561021name,22222
17790709561022,17790709561022name,22222
17790709561023,17790709561023name,22222
17790709561024,17790709561024name,22222
17790709561025,17790709561025name,22222
17790709561026,17790709561026name,22222
17790709561027,17790709561027name,22222
17790709561028,17790709561028name,22222
17790709561029,17790709561029name,22222
17790709561030,17790709561030name,22222
17790709561031,17790709561031name,22222
17790709561032,17790709561032name,22222
17790709561033,17790709561033name,22222
17790709561034,17790709561034name,22222
17790709561035,17790709561035name,22222
17790709561036,17790709561036name,22222
17790709561037,17790709561037name,22222
17790709561038,17790709561038name,22222
17790709561039,17790709561039name,22222
17790709561040,17790709561040name,22222
17790709561041,17790709561041name,22222
17790709561042,17790709561042name,22222
17790709561043,17790709561043name,22222
17790709561044,17790709561044name,22222
17790709561045,17790709561045name,22222
17790709561046,17790709561046name,22222
17790709561047,17790709561047name,22222
17790709561048,17790709561048name,22222
17790709561049,17790709561049name,22222
17790709561050,17790709561050name,22222
17790709561051,17790709561051name,22222
17790709561052,17790709561052name,22222
17790709561053,17790709561053name,22222
17790709561054,17790709561054name,22222
17790709561055,17790709561055name,22222
17790709561056,17790709561056name,22222
17790709561057,17790709561057name,22222
17790709561058,17790709561058name,22222
17790709561059,17790709561059name,22222
17790709561060,17790709561060name,22222
17790709561061,17790709561061name,22222
17790709561062,17790709561062name,22222
17790709561063,17790709561063name,22222
17790709561064,17790709561064name,22222
17790709561065,17790709561065name,22222
17790709561066,17790709561066name,22222
17790709561067,17790709561067name,22222
17790709561068,17790709561068name,22222
17790709561069,17790709561069name,22222
17790709561070,17790709561070name,22222
17790709561071,17790709561071name,22222
17790709561072,17790709561072name,22222
17790709561073,17790709561073name,22222
17790709561074,17790709561074name,22222
17790709561075,17790709561075name,22222
17790709561076,17790709561076name,22222
17790709561077,17790709561077name,22222
17790709561078,17790709561078name,22222
17790709561079,17790709561079name,22222
17790709561080,17790709561080name,22222
17790709561081,17790709561081name,22222
17790709561082,17790709561082name,22222
17790709561083,17790709561083name,22222
17790709561084,17790709561084name,22222
17790709561085,17790709561085name,22222
17790709561086,17790709561086name,22222
17790709561087,17790709561087name,22222
17790709561088,17790709561088name,22222
17790709561089,17790709561089name,22222
17790709561090,17790709561090name,22222
17790709561091,17790709561091name,22222
17790709561092,17790709561092name,22222
17790709561093,17790709561093name,22222
17790709561094,17790709561094name,22222
17790709561095,17790709561095name,22222
17790709561096,17790709561096name,22222
17790709561097,17790709561097name,22222
17790709561098,17790709561098name,22222
17790709561099,17790709561099name,22222
17790709561100,17790709561100name,22222
17790709561101,17790709561101name,22222
17790709561102,17790709561102name,22222
17790709561103,17790709561103name,22222
17790709561104,17790709561104name,22222
17790709561105,17790709561105name,22222
17790709561106,17790709561106name,22222
17790709561107,17790709561107name,22222
17790709561108,17790709561108name,22222
17790709561109,17790709561109name,22222
17790709561110,17790709561110name,22222
17790709561111,17790709561111name,22222
17790709561112,17790709561112name,22222
17790709561113,17790709561113name,22222
17790709561114,17790709561114name,22222
17790709561115,17790709561115name,22222
17790709561116,17790709561116name,22222
17790709561117,17790709561117name,22222
17790709561118,17790709561118name,22222
17790709561119,17790709561119name,22222
17790709561120,17790709561120name,22222
17790709561121,17790709561121name,22222
17790709561122,17790709561122name,22222
17790709561123,17790709561123name,22222
17790709561124,17790709561124name,22222
17790709561125,17790709561125name,22222
17790709561126,17790709561126name,22222
17790709561127,17790709561127name,22222
17790709561128,17790709561128name,22222
17790709561129,17790709561129name,22222
17790709561130,17790709561130name,22222
17790709561131,17790709561131name,22222
17790709561132,17790709561132name,22222
17790709561133,17790709561133name,22222
17790709561134,17790709561134name,22222
17790709561135,17790709561135name,22222
17790709561136,17790709561136name,22222
17790709561137,17790709561137name,22222
17790709561138,17790709561138name,22222
17790709561139,17790709561139name,22222
17790709561140,17790709561140name,22222
17790709561141,17790709561141name,22222
17790709561142,17790709561142name,22222
17790709561143,17790709561143name,22222
17790709561144,17790709561144name,22222
17790709561145,17790709561145name,22222
17790709561146,17790709561146name,22222
17790709561147,17790709561147name,22222
17790709561148,17790709561148name,22222
17790709561149,17790709561149name,22222
17790709561150,17790709561150name,22222
17790709561151,17790709561151name,22222
17790709561152,17790709561152name,22222
17790709561153,17790709561153name,22222
17790709561154,17790709561154name,22222
17790709561155,17790709561155name,22222
17790709561156,17790709561156name,22222
17790709561157,17790709561157name,22222
17790709561158,17790709561158name,22222
17790709561159,17790709561159name,22222
17790709561160,17790709561160name,22222
17790709561161,17790709561161name,22222
17790709561162,17790709561162name,22222
17790709561163,17790709561163name,22222
17790709561164,17790709561164name,22222
17790709561165,17790709561165name,22222
17790709561166,17790709561166name,22222
17790709561167,17790709561167name,22222
17790709561168,17790709561168name,22222
17790709561169,17790709561169name,22222
17790709561170,17790709561170name,22222
17790709561171,17790709561171name,22222
17790709561172,17790709561172name,22222
17790709561173,17790709561173name,22222
17790709561174,17790709561174name,22222
17790709561175,17790709561175name,22222
17790709561176,17790709561176name,22222
17790709561177,17790709561177name,22222
17790709561178,17790709561178name,22222
17790709561179,17790709561179name,22222
17790709561180,17790709561180name,22222
17790709561181,17790709561181name,22222
17790709561182,17790709561182name,22222
17790709561183,17790709561183name,22222
17790709561184,17790709561184name,22222
17790709561185,17790709561185name,22222
17790709561186,17790709561186name,22222
17790709561187,17790709561187name,22222
17790709561188,17790709561188name,22222
17790709561189,17790709561189name,22222
17790709561190,17790709561190name,22222
17790709561191,17790709561191name,22222
17790709561192,17790709561192name,22222
17790709561193,17790709561193name,22222
17790709561194,17790709561194name,22222
17790709561195,17790709561195name,22222
17790709561196,17790709561196name,22222
17790709561197,17790709561197name,22222
17790709561198,17790709561198name,22222
17790709561199,17790709561199name,22222
17790709561200,17790709561200name,22222
17790709561201,17790709561201name,22222
17790709561202,17790709561202name,22222
17790709561203,17790709561203name,22222
17790709561204,17790709561204name,22222
17790709561205,17790709561205name,22222
17790709561206,17790709561206name,22222
17790709561207,17790709561207name,22222
17790709561208,17790709561208name,22222
17790709561209,17790709561209name,22222
17790709561210,17790709561210name,22222
17790709561211,17790709561211name,22222
17790709561212,17790709561212name,22222
17790709561213,17790709561213name,22222
17790709561214,17790709561214name,22222
17790709561215,17790709561215name,22222
17790709561216,17790709561216name,22222
17790709561217,17790709561217name,22222
17790709561218,17790709561218name,22222
17790709561219,17790709561219name,22222
17790709561220,17790709561220name,22222
17790709561221,17790709561221name,22222
17790709561222,17790709561222name,22222
17790709561223,17790709561223name,22222
17790709561224,17790709561224name,22222
17790709561225,17790709561225name,22222
17790709561226,17790709561226name,22222
17790709561227,17790709561227name,22222
17790709561228,17790709561228name,22222
17790709561229,17790709561229name,22222
17790709561230,17790709561230name,22222
17790709561231,17790709561231name,22222
17790709561232,17790709561232name,22222
17790709561233,17790709561233name,22222
17790709561234,17790709561234name,22222
17790709561235,17790709561235name,22222
17790709561236,17790709561236name,22222
17790709561237,17790709561237name,22222
17790709561238,17790709561238name,22222
17790709561239,17790709561239name,22222
17790709561240,17790709561240name,22222
17790709561241,17790709561241name,22222
17790709561242,17790709561242name,22222
17790709561243,17790709561243name,22222
17790709561244,17790709561244name,22222
17790709561245,17790709561245name,22222
17790709561246,17790709561246name,22222
17790709561247,17790709561247name,22222
17790709561248,17790709561248name,22222
17790709561249,17790709561249name,22222
17790709561250,17790709561250name,22222
17790709561251,17790709561251name,22222
17790709561252,17790709561252name,22222
17790709561253,17790709561253name,22222
17790709561254,17790709561254name,22222
17790709561255,17790709561255name,22222
17790709561256,17790709561256name,22222
17790709561257,17790709561257name,22222
17790709561258,17790709561258name,22222
17790709561259,17790709561259name,22222
17790709561260,17790709561260name,22222
17790709561261,17790709561261name,22222
17790709561262,17790709561262name,22222
17790709561263,17790709561263name,22222
17790709561264,17790709561264name,22222
17790709561265,17790709561265name,22222
17790709561266,17790709561266name,22222
17790709561267,17790709561267name,22222
17790709561268,17790709561268name,22222
17790709561269,17790709561269name,22222
17790709561270,17790709561270name,22222
17790709561271,17790709561271name,22222
17790709561272,17790709561272name,22222
17790709561273,17790709561273name,22222
17790709561274,17790709561274name,22222
17790709561275,17790709561275name,22222
17790709561276,17790709561276name,22222
17790709561277,17790709561277name,22222
17790709561278,17790709561278name,22222
17790709561279,17790709561279name,22222
17790709561280,17790709561280name,22222
17790709561281,17790709561281name,22222
17790709561282,17790709561282name,22222
17790709561283,17790709561283name,22222
17790709561284,17790709561284name,22222
17790709561285,17790709561285name,22222
17790709561286,17790709561286name,22222
17790709561287,17790709561287name,22222
17790709561288,17790709561288name,22222
17790709561289,17790709561289name,22222
17790709561290,17790709561290name,22222
17790709561291,17790709561291name,22222
17790709561292,17790709561292name,22222
17790709561293,17790709561293name,22222
17790709561294,17790709561294name,22222
17790709561295,17790709561295name,22222
17790709561296,17790709561296name,22222
17790709561297,17790709561297name,22222
17790709561298,17790709561298name,22222
17790709561299,17790709561299name,22222
17790709561300,17790709561300name,22222
17790709561301,17790709561301name,22222
17790709561302,17790709561302name,22222
17790709561303,17790709561303name,22222
17790709561304,17790709561304name,22222
17790709561305,17790709561305name,22222
17790709561306,17790709561306name,22222
17790709561307,17790709561307name,22222
17790709561308,17790709561308name,22222
17790709561309,17790709561309name,22222
17790709561310,17790709561310name,22222
17790709561311,17790709561311name,22222
17790709561312,17790709561312name,22222
17790709561313,17790709561313name,22222
17790709561314,17790709561314name,22222
17790709561315,17790709561315name,22222
17790709561316,17790709561316name,22222
17790709561317,17790709561317name,22222
17790709561318,17790709561318name,22222
17790709561319,17790709561319name,22222
17790709561320,17790709561320name,22222
17790709561321,17790709561321name,22222
17790709561322,17790709561322name,22222
17790709561323,17790709561323name,22222
17790709561324,17790709561324name,22222
17790709561325,17790709561325name,22222
17790709561326,17790709561326name,22222
17790709561327,17790709561327name,22222
17790709561328,17790709561328name,22222
17790709561329,17790709561329name,22222
17790709561330,17790709561330name,22222
17790709561331,17790709561331name,22222
17790709561332,17790709561332name,22222
17790709561333,17790709561333name,22222
17790709561334,17790709561334name,22222
17790709561335,17790709561335name,22222
17790709561336,17790709561336name,22222
17790709561337,17790709561337name,22222
17790709561338,17790709561338name,22222
17790709561339,17790709561339name,22222
17790709561340,17790709561340name,22222
17790709561341,17790709561341name,22222
17790709561342,17790709561342name,22222
17790709561343,17790709561343name,22222
17790709561344,17790709561344name,22222
17790709561345,17790709561345name,22222
17790709561346,17790709561346name,22222
17790709561347,17790709561347name,22222
17790709561348,17790709561348name,22222
17790709561349,17790709561349name,22222
17790709561350,17790709561350name,22222
17790709561351,17790709561351name,22222
17790709561352,17790709561352name,22222
17790709561353,17790709561353name,22222
17790709561354,17790709561354name,22222
17790709561355,17790709561355name,22222
17790709561356,17790709561356name,22222
17790709561357,17790709561357name,22222
17790709561358,17790709561358name,22222
17790709561359,17790709561359name,22222
17790709561360,17790709561360name,22222
17790709561361,17790709561361name,22222
17790709561362,17790709561362name,22222
17790709561363,17790709561363name,22222
17790709561364,17790709561364name,22222
17790709561365,17790709561365name,22222
17790709561366,17790709561366name,22222
17790709561367,17790709561367name,22222
17790709561368,17790709561368name,22222
17790709561369,17790709561369name,22222
17790709561370,17790709561370name,22222
17790709561371,17790709561371name,22222
17790709561372,17790709561372name,22222
17790709561373,17790709561373name,22222
17790709561374,17790709561374name,22222
17790709561375,17790709561375name,22222
17790709561376,17790709561376name,22222
17790709561377,17790709561377name,22222
17790709561378,17790709561378name,22222
17790709561379,17790709561379name,22222
17790709561380,17790709561380name,22222
17790709561381,17790709561381name,22222
17790709561382,17790709561382name,22222
17790709561383,17790709561383name,22222
17790709561384,17790709561384name,22222
17790709561385,17790709561385name,22222
17790709561386,17790709561386name,22222
17790709561387,17790709561387name,22222
17790709561388,17790709561388name,22222
17790709561389,17790709561389name,22222
17790709561390,17790709561390name,22222
17790709561391,17790709561391name,22222
17790709561392,17790709561392name,22222
17790709561393,17790709561393name,22222
17790709561394,17790709561394name,22222
17790709561395,17790709561395name,22222
17790709561396,17790709561396name,22222
17790709561397,17790709561397name,22222
17790709561398,17790709561398name,22222
17790709561399,17790709561399name,22222
17790709561400,17790709561400name,22222
17790709561401,17790709561401name,22222
17790709561402,17790709561402name,22222
17790709561403,17790709561403name,22222
17790709561404,17790709561404name,22222
17790709561405,17790709561405name,22222
17790709561406,17790709561406name,22222
17790709561407,17790709561407name,22222
17790709561408,17790709561408name,22222
17790709561409,17790709561409name,22222
17790709561410,17790709561410name,22222
17790709561411,17790709561411name,22222
17790709561412,17790709561412name,22222
17790709561413,17790709561413name,22222
17790709561414,17790709561414name,22222
17790709561415,17790709561415name,22222
17790709561416,17790709561416name,22222
17790709561417,17790709561417name,22222
17790709561418,17790709561418name,22222
17790709561419,17790709561419name,22222
17790709561420,17790709561420name,22222
17790709561421,17790709561421name,22222
17790709561422,17790709561422name,22222
17790709561423,17790709561423name,22222
17790709561424,17790709561424name,22222
17790709561425,17790709561425name,22222
17790709561426,17790709561426name,22222
17790709561427,17790709561427name,22222
17790709561428,17790709561428name,22222
17790709561429,17790709561429name,22222
17790709561430,17790709561430name,22222
17790709561431,17790709561431name,22222
17790709561432,17790709561432name,22222
17790709561433,17790709561433name,22222
17790709561434,17790709561434name,22222
17790709561435,17790709561435name,22222
17790709561436,17790709561436name,22222
17790709561437,17790709561437name,22222
17790709561438,17790709561438name,22222
17790709561439,17790709561439name,22222
17790709561440,17790709561440name,22222
17790709561441,17790709561441name,22222
17790709561442,17790709561442name,22222
17790709561443,17790709561443name,22222
17790709561444,17790709561444name,22222
17790709561445,17790709561445name,22222
17790709561446,17790709561446name,22222
17790709561447,17790709561447name,22222
17790709561448,17790709561448name,22222
17790709561449,17790709561449name,22222
17790709561450,17790709561450name,22222
17790709561451,17790709561451name,22222
17790709561452,17790709561452name,22222
17790709561453,17790709561453name,22222
17790709561454,17790709561454name,22222
17790709561455,17790709561455name,22222
17790709561456,17790709561456name,22222
17790709561457,17790709561457name,22222
17790709561458,17790709561458name,22222
17790709561459,17790709561459name,22222
17790709561460,17790709561460name,22222
17790709561461,17790709561461name,22222
17790709561462,17790709561462name,22222
17790709561463,17790709561463name,22222
17790709561464,17790709561464name,22222
17790709561465,17790709561465name,22222
17790709561466,17790709561466name,22222
17790709561467,17790709561467name,22222
17790709561468,17790709561468name,22222
17790709561469,17790709561469name,22222
17790709561470,17790709561470name,22222
17790709561471,17790709561471name,22222
17790709561472,17790709561472name,22222
17790709561473,17790709561473name,22222
17790709561474,17790709561474name,22222
17790709561475,17790709561475name,22222
17790709561476,17790709561476name,22222
17790709561477,17790709561477name,22222
17790709561478,17790709561478name,22222
17790709561479,17790709561479name,22222
17790709561480,17790709561480name,22222
17790709561481,17790709561481name,22222
17790709561482,17790709561482name,22222
17790709561483,17790709561483name,22222
17790709561484,17790709561484name,22222
17790709561485,17790709561485name,22222
17790709561486,17790709561486name,22222
17790709561487,17790709561487name,22222
17790709561488,17790709561488name,22222
17790709561489,17790709561489name,22222
17790709561490,17790709561490name,22222
17790709561491,17790709561491name,22222
17790709561492,17790709561492name,22222
17790709561493,17790709561493name,22222
17790709561494,17790709561494name,22222
17790709561495,17790709561495name,22222
17790709561496,17790709561496name,22222
17790709561497,17790709561497name,22222
17790709561498,17790709561498name,22222
17790709561499,17790709561499name,22222
17790709561500,17790709561500name,22222
17790709561501,17790709561501name,22222
17790709561502,17790709561502name,22222
17790709561503,17790709561503name,22222
17790709561504,17790709561504name,22222
17790709561505,17790709561505name,22222
17790709561506,17790709561506name,22222
17790709561507,17790709561507name,22222
17790709561508,17790709561508name,22222
17790709561509,17790709561509name,22222
17790709561510,17790709561510name,22222
17790709561511,17790709561511name,22222
17790709561512,17790709561512name,22222
17790709561513,17790709561513name,22222
17790709561514,17790709561514name,22222
17790709561515,17790709561515name,22222
17790709561516,17790709561516name,22222
17790709561517,17790709561517name,22222
17790709561518,17790709561518name,22222
17790709561519,17790709561519name,22222
17790709561520,17790709561520name,22222
17790709561521,17790709561521name,22222
17790709561522,17790709561522name,22222
17790709561523,17790709561523name,22222
17790709561524,17790709561524name,22222
17790709561525,17790709561525name,22222
17790709561526,17790709561526name,22222
17790709561527,17790709561527name,22222
17790709561528,17790709561528name,22222
17790709561529,17790709561529name,22222
17790709561530,17790709561530name,22222
17790709561531,17790709561531name,22222
17790709561532,17790709561532name,22222
17790709561533,17790709561533name,22222
17790709561534,17790709561534name,22222
17790709561535,17790709561535name,22222
17790709561536,17790709561536name,22222
17790709561537,17790709561537name,22222
17790709561538,17790709561538name,22222
17790709561539,17790709561539name,22222
17790709561540,17790709561540name,22222
17790709561541,17790709561541name,22222
17790709561542,17790709561542name,22222
17790709561543,17790709561543name,22222
17790709561544,17790709561544name,22222
17790709561545,17790709561545name,22222
17790709561546,17790709561546name,22222
17790709561547,17790709561547name,22222
17790709561548,17790709561548name,22222
17790709561549,17790709561549name,22222
17790709561550,17790709561550name,22222
17790709561551,17790709561551name,22222
17790709561552,17790709561552name,22222
17790709561553,17790709561553name,22222
17790709561554,17790709561554name,22222
17790709561555,17790709561555name,22222
17790709561556,17790709561556name,22222
17790709561557,17790709561557name,22222
17790709561558,17790709561558name,22222
17790709561559,17790709561559name,22222
17790709561560,17790709561560name,22222
17790709561561,17790709561561name,22222
17790709561562,17790709561562name,22222
17790709561563,17790709561563name,22222
17790709561564,17790709561564name,22222
17790709561565,17790709561565name,22222
17790709561566,17790709561566name,22222
17790709561567,17790709561567name,22222
17790709561568,17790709561568name,22222
17790709561569,17790709561569name,22222
17790709561570,17790709561570name,22222
17790709561571,17790709561571name,22222
17790709561572,17790709561572name,22222
17790709561573,17790709561573name,22222
17790709561574,17790709561574name,22222
17790709561575,17790709561575name,22222
17790709561576,17790709561576name,22222
17790709561577,17790709561577name,22222
17790709561578,17790709561578name,22222
17790709561579,17790709561579name,22222
17790709561580,17790709561580name,22222
17790709561581,17790709561581name,22222
17790709561582,17790709561582name,22222
17790709561583,17790709561583name,22222
17790709561584,17790709561584name,22222
17790709561585,17790709561585name,22222
17790709561586,17790709561586name,22222
17790709561587,17790709561587name,22222
17790709561588,17790709561588name,22222
17790709561589,17790709561589name,22222
17790709561590,17790709561590name,22222
17790709561591,17790709561591name,22222
17790709561592,17790709561592name,22222
17790709561593,17790709561593name,22222
17790709561594,17790709561594name,22222
17790709561595,17790709561595name,22222
17790709561596,17790709561596name,22222
17790709561597,17790709561597name,22222
17790709561598,17790709561598name,22222
17790709561599,17790709561599name,22222
17790709561600,17790709561600name,22222
17790709561601,17790709561601name,22222
17790709561602,17790709561602name,22222
17790709561603,17790709561603name,22222
17790709561604,17790709561604name,22222
17790709561605,17790709561605name,22222
17790709561606,17790709561606name,22222
17790709561607,17790709561607name,22222
17790709561608,17790709561608name,22222
17790709561609,17790709561609name,22222
17790709561610,17790709561610name,22222
17790709561611,17790709561611name,22222
17790709561612,17790709561612name,22222
17790709561613,17790709561613name,22222
17790709561614,17790709561614name,22222
17790709561615,17790709561615name,22222
17790709561616,17790709561616name,22222
17790709561617,17790709561617name,22222
17790709561618,17790709561618name,22222
17790709561619,17790709561619name,22222
17790709561620,17790709561620name,22222
17790709561621,17790709561621name,22222
17790709561622,17790709561622name,22222
17790709561623,17790709561623name,22222
17790709561624,17790709561624name,22222
17790709561625,17790709561625name,22222
17790709561626,17790709561626name,22222
17790709561627,17790709561627name,22222
17790709561628,17790709561628name,22222
17790709561629,17790709561629name,22222
17790709561630,17790709561630name,22222
17790709561631,17790709561631name,22222
17790709561632,17790709561632name,22222
17790709561633,17790709561633name,22222
17790709561634,17790709561634name,22222
17790709561635,17790709561635name,22222
17790709561636,17790709561636name,22222
17790709561637,17790709561637name,22222
17790709561638,17790709561638name,22222
17790709561639,17790709561639name,22222
17790709561640,17790709561640name,22222
17790709561641,17790709561641name,22222
17790709561642,17790709561642name,22222
17790709561643,17790709561643name,22222
17790709561644,17790709561644name,22222
17790709561645,17790709561645name,22222
17790709561646,17790709561646name,22222
17790709561647,17790709561647name,22222
17790709561648,17790709561648name,22222
17790709561649,17790709561649name,22222
17790709561650,17790709561650name,22222
17790709561651,17790709561651name,22222
17790709561652,17790709561652name,22222
17790709561653,17790709561653name,22222
17790709561654,17790709561654name,22222
17790709561655,17790709561655name,22222
17790709561656,17790709561656name,22222
17790709561657,17790709561657name,22222
17790709561658,17790709561658name,22222
17790709561659,17790709561659name,22222
17790709561660,17790709561660name,22222
17790709561661,17790709561661name,22222
17790709561662,17790709561662name,22222
17790709561663,17790709561663name,22222
17790709561664,17790709561664name,22222
17790709561665,17790709561665name,22222
17790709561666,17790709561666name,22222
17790709561667,17790709561667name,22222
17790709561668,17790709561668name,22222
17790709561669,17790709561669name,22222
17790709561670,17790709561670name,22222
17790709561671,17790709561671name,22222
17790709561672,17790709561672name,22222
17790709561673,17790709561673name,22222
17790709561674,17790709561674name,22222
17790709561675,17790709561675name,22222
17790709561676,17790709561676name,22222
17790709561677,17790709561677name,22222
17790709561678,17790709561678name,22222
17790709561679,17790709561679name,22222
17790709561680,17790709561680name,22222
17790709561681,17790709561681name,22222
17790709561682,17790709561682name,22222
17790709561683,17790709561683name,22222
17790709561684,17790709561684name,22222
17790709561685,17790709561685name,22222
17790709561686,17790709561686name,22222
17790709561687,17790709561687name,22222
17790709561688,17790709561688name,22222
17790709561689,17790709561689name,22222
17790709561690,17790709561690name,22222
17790709561691,17790709561691name,22222
17790709561692,17790709561692name,22222
17790709561693,17790709561693name,22222
17790709561694,17790709561694name,22222
17790709561695,17790709561695name,22222
17790709561696,17790709561696name,22222
17790709561697,17790709561697name,22222
17790709561698,17790709561698name,22222
17790709561699,17790709561699name,22222
17790709561700,17790709561700name,22222
17790709561701,17790709561701name,22222
17790709561702,17790709561702name,22222
17790709561703,17790709561703name,22222
17790709561704,17790709561704name,22222
17790709561705,17790709561705name,22222
17790709561706,17790709561706name,22222
17790709561707,17790709561707name,22222
17790709561708,17790709561708name,22222
17790709561709,17790709561709name,22222
17790709561710,17790709561710name,22222
17790709561711,17790709561711name,22222
17790709561712,17790709561712name,22222
17790709561713,17790709561713name,22222
17790709561714,17790709561714name,22222
17790709561715,17790709561715name,22222
17790709561716,17790709561716name,22222
17790709561717,17790709561717name,22222
17790709561718,17790709561718name,22222
17790709561719,17790709561719name,22222
17790709561720,17790709561720name,22222
17790709561721,17790709561721name,22222
17790709561722,17790709561722name,22222
17790709561723,17790709561723name,22222
17790709561724,17790709561724name,22222
17790709561725,17790709561725name,22222
17790709561726,17790709561726name,22222
17790709561727,17790709561727name,22222
17790709561728,17790709561728name,22222
17790709561729,17790709561729name,22222
17790709561730,17790709561730name,22222
17790709561731,17790709561731name,22222
17790709561732,17790709561732name,22222
17790709561733,17790709561733name,22222
17790709561734,17790709561734name,22222
17790709561735,17790709561735name,22222
17790709561736,17790709561736name,22222
17790709561737,17790709561737name,22222
17790709561738,17790709561738name,22222
17790709561739,17790709561739name,22222
17790709561740,17790709561740name,22222
17790709561741,17790709561741name,22222
17790709561742,17790709561742name,22222
17790709561743,17790709561743name,22222
17790709561744,17790709561744name,22222
17790709561745,17790709561745name,22222
17790709561746,17790709561746name,22222
17790709561747,17790709561747name,22222
17790709561748,17790709561748name,22222
17790709561749,17790709561749name,22222
17790709561750,17790709561750name,22222
17790709561751,17790709561751name,22222
17790709561752,17790709561752name,22222
17790709561753,17790709561753name,22222
17790709561754,17790709561754name,22222
17790709561755,17790709561755name,22222
17790709561756,17790709561756name,22222
17790709561757,17790709561757name,22222
17790709561758,17790709561758name,22222
17790709561759,17790709561759name,22222
17790709561760,17790709561760name,22222
17790709561761,17790709561761name,22222
17790709561762,17790709561762name,22222
17790709561763,17790709561763name,22222
17790709561764,17790709561764name,22222
17790709561765,17790709561765name,22222
17790709561766,17790709561766name,22222
17790709561767,17790709561767name,22222
17790709561768,17790709561768name,22222
17790709561769,17790709561769name,22222
17790709561770,17790709561770name,22222
17790709561771,17790709561771name,22222
17790709561772,17790709561772name,22222
17790709561773,17790709561773name,22222
17790709561774,17790709561774name,22222
17790709561775,17790709561775name,22222
17790709561776,17790709561776name,22222
17790709561777,17790709561777name,22222
17790709561778,17790709561778name,22222
17790709561779,17790709561779name,22222
17790709561780,17790709561780name,22222
17790709561781,17790709561781name,22222
17790709561782,17790709561782name,22222
17790709561783,17790709561783name,22222
17790709561784,17790709561784name,22222
17790709561785,17790709561785name,22222
17790709561786,17790709561786name,22222
17790709561787,17790709561787name,22222
17790709561788,17790709561788name,22222
17790709561789,17790709561789name,22222
17790709561790,17790709561790name,22222
17790709561791,17790709561791name,22222
17790709561792,17790709561792name,22222
17790709561793,17790709561793name,22222
17790709561794,17790709561794name,22222
17790709561795,17790709561795name,22222
17790709561796,17790709561796name,22222
17790709561797,17790709561797name,22222
17790709561798,17790709561798name,22222
17790709561799,17790709561799name,22222
17790709561800,17790709561800name,22222
17790709561801,17790709561801name,22222
17790709561802,17790709561802name,22222
17790709561803,17790709561803name,22222
17790709561804,17790709561804name,22222
17790709561805,17790709561805name,22222
17790709561806,17790709561806name,22222
17790709561807,17790709561807name,22222
17790709561808,17790709561808name,22222
17790709561809,17790709561809name,22222
17790709561810,17790709561810name,22222
17790709561811,17790709561811name,22222
17790709561812,17790709561812name,22222
17790709561813,17790709561813name,22222
17790709561814,17790709561814name,22222
17790709561815,17790709561815name,22222
17790709561816,17790709561816name,22222
17790709561817,17790709561817name,22222
17790709561818,17790709561818name,22222
17790709561819,17790709561819name,22222
17790709561820,17790709561820name,22222
17790709561821,17790709561821name,22222
17790709561822,17790709561822name,22222
17790709561823,17790709561823name,22222
17790709561824,17790709561824name,22222
17790709561825,17790709561825name,22222
17790709561826,17790709561826name,22222
17790709561827,17790709561827name,22222
17790709561828,17790709561828name,22222
17790709561829,17790709561829name,22222
17790709561830,17790709561830name,22222
17790709561831,17790709561831name,22222
17790709561832,17790709561832name,22222
17790709561833,17790709561833name,22222
17790709561834,17790709561834name,22222
17790709561835,17790709561835name,22222
17790709561836,17790709561836name,22222
17790709561837,17790709561837name,22222
17790709561838,17790709561838name,22222
17790709561839,17790709561839name,22222
17790709561840,17790709561840name,22222
17790709561841,17790709561841name,22222
17790709561842,17790709561842name,22222
17790709561843,17790709561843name,22222
17790709561844,17790709561844name,22222
17790709561845,17790709561845name,22222
17790709561846,17790709561846name,22222
17790709561847,17790709561847name,22222
17790709561848,17790709561848name,22222
17790709561849,17790709561849name,22222
17790709561850,17790709561850name,22222
17790709561851,17790709561851name,22222
17790709561852,17790709561852name,22222
17790709561853,17790709561853name,22222
17790709561854,17790709561854name,22222
17790709561855,17790709561855name,22222
17790709561856,17790709561856name,22222
17790709561857,17790709561857name,22222
17790709561858,17790709561858name,22222
17790709561859,17790709561859name,22222
17790709561860,17790709561860name,22222
17790709561861,17790709561861name,22222
17790709561862,17790709561862name,22222
17790709561863,17790709561863name,22222
17790709561864,17790709561864name,22222
17790709561865,17790709561865name,22222
17790709561866,17790709561866name,22222
17790709561867,17790709561867name,22222
17790709561868,17790709561868name,22222
17790709561869,17790709561869name,22222
17790709561870,17790709561870name,22222
17790709561871,17790709561871name,22222
17790709561872,17790709561872name,22222
17790709561873,17790709561873name,22222
17790709561874,17790709561874name,22222
17790709561875,17790709561875name,22222
17790709561876,17790709561876name,22222
17790709561877,17790709561877name,22222
17790709561878,17790709561878name,22222
17790709561879,17790709561879name,22222
17790709561880,17790709561880name,22222
17790709561881,17790709561881name,22222
17790709561882,17790709561882name,22222
17790709561883,17790709561883name,22222
17790709561884,17790709561884name,22222
17790709561885,17790709561885name,22222
17790709561886,17790709561886name,22222
17790709561887,17790709561887name,22222
17790709561888,17790709561888name,22222
17790709561889,17790709561889name,22222
17790709561890,17790709561890name,22222
17790709561891,17790709561891name,22222
17790709561892,17790709561892name,22222
17790709561893,17790709561893name,22222
17790709561894,17790709561894name,22222
17790709561895,17790709561895name,22222
17790709561896,17790709561896name,22222
17790709561897,17790709561897name,22222
17790709561898,17790709561898name,22222
17790709561899,17790709561899name,22222
17790709561900,17790709561900name,22222
17790709561901,17790709561901name,22222
17790709561902,17790709561902name,22222
17790709561903,17790709561903name,22222
17790709561904,17790709561904name,22222
17790709561905,17790709561905name,22222
17790709561906,17790709561906name,22222
17790709561907,17790709561907name,22222
17790709561908,17790709561908name,22222
17790709561909,17790709561909name,22222
17790709561910,17790709561910name,22222
17790709561911,17790709561911name,22222
17790709561912,17790709561912name,22222
17790709561913,17790709561913name,22222
17790709561914,17790709561914name,22222
17790709561915,17790709561915name,22222
17790709561916,17790709561916name,22222
17790709561917,17790709561917name,22222
17790709561918,17790709561918name,22222
17790709561919,17790709561919name,22222
17790709561920,17790709561920name,22222
17790709561921,17790709561921name,22222
17790709561922,17790709561922name,22222
17790709561923,17790709561923name,22222
17790709561924,17790709561924name,22222
17790709561925,17790709561925name,22222
17790709561926,17790709561926name,22222
17790709561927,17790709561927name,22222
17790709561928,17790709561928name,22222
17790709561929,17790709561929name,22222
17790709561930,17790709561930name,22222
17790709561931,17790709561931name,22222
17790709561932,17790709561932name,22222
17790709561933,17790709561933name,22222
17790709561934,17790709561934name,22222
17790709561935,17790709561935name,22222
17790709561936,17790709561936name,22222
17790709561937,17790709561937name,22222
17790709561938,17790709561938name,22222
17790709561939,17790709561939name,22222
17790709561940,17790709561940name,22222
17790709561941,17790709561941name,22222
17790709561942,17790709561942name,22222
17790709561943,17790709561943name,22222
17790709561944,17790709561944name,22222
17790709561945,17790709561945name,22222
17790709561946,17790709561946name,22222
17790709561947,17790709561947name,22222
17790709561948,17790709561948name,22222
17790709561949,17790709561949name,22222
17790709561950,17790709561950name,22222
17790709561951,17790709561951name,22222
17790709561952,17790709561952name,22222
17790709561953,17790709561953name,22222
17790709561954,17790709561954name,22222
17790709561955,17790709561955name,22222
17790709561956,17790709561956name,22222
17790709561957,17790709561957name,22222
17790709561958,17790709561958name,22222
17790709561959,17790709561959name,22222
17790709561960,17790709561960name,22222
17790709561961,17790709561961name,22222
17790709561962,17790709561962name,22222
17790709561963,17790709561963name,22222
17790709561964,17790709561964name,22222
17790709561965,17790709561965name,22222
17790709561966,17790709561966name,22222
17790709561967,17790709561967name,22222
17790709561968,17790709561968name,22222
17790709561969,17790709561969name,22222
17790709561970,17790709561970name,22222
17790709561971,17790709561971name,22222
17790709561972,17790709561972name,22222
17790709561973,17790709561973name,22222
17790709561974,17790709561974name,22222
17790709561975,17790709561975name,22222
17790709561976,17790709561976name,22222
17790709561977,17790709561977name,22222
17790709561978,17790709561978name,22222
17790709561979,17790709561979name,22222
17790709561980,17790709561980name,22222
17790709561981,17790709561981name,22222
17790709561982,17790709561982name,22222
17790709561983,17790709561983name,22222
17790709561984,17790709561984name,22222
17790709561985,17790709561985name,22222
17790709561986,17790709561986name,22222
17790709561987,17790709561987name,22222
17790709561988,17790709561988name,22222
17790709561989,17790709561989name,22222
17790709561990,17790709561990name,22222
17790709561991,17790709561991name,22222
17790709561992,17790709561992name,22222
17790709561993,17790709561993name,22222
17790709561994,17790709561994name,22222
17790709561995,17790709561995name,22222
17790709561996,17790709561996name,22222
17790709561997,17790709561997name,22222
17790709561998,17790709561998name,22222
17790709561999,17790709561999name,22222
17790709562000,17790709562000name,22222
17790709562001,17790709562001name,22222
17790709562002,17790709562002name,22222
17790709562003,17790709562003name,22222
17790709562004,17790709562004name,22222
17790709562005,17790709562005name,22222
17790709562006,17790709562006name,22222
17790709562007,17790709562007name,22222
17790709562008,17790709562008name,22222
17790709562009,17790709562009name,22222
17790709562010,17790709562010name,22222
17790709562011,17790709562011name,22222
17790709562012,17790709562012name,22222
17790709562013,17790709562013name,22222
17790709562014,17790709562014name,22222
17790709562015,17790709562015name,22222
17790709562016,17790709562016name,22222
17790709562017,17790709562017name,22222
17790709562018,17790709562018name,22222
17790709562019,17790709562019name,22222
17790709562020,17790709562020name,22222
17790709562021,17790709562021name,22222
17790709562022,17790709562022name,22222
17790709562023,17790709562023name,22222
17790709562024,17790709562024name,22222
17790709562025,17790709562025name,22222
17790709562026,17790709562026name,22222
17790709562027,17790709562027name,22222
17790709562028,17790709562028name,22222
17790709562029,17790709562029name,22222
17790709562030,17790709562030name,22222
17790709562031,17790709562031name,22222
17790709562032,17790709562032name,22222
17790709562033,17790709562033name,22222
17790709562034,17790709562034name,22222
17790709562035,17790709562035name,22222
17790709562036,17790709562036name,22222
17790709562037,17790709562037name,22222
17790709562038,17790709562038name,22222
17790709562039,17790709562039name,22222
17790709562040,17790709562040name,22222
17790709562041,17790709562041name,22222
17790709562042,17790709562042name,22222
17790709562043,17790709562043name,22222
17790709562044,17790709562044name,22222
17790709562045,17790709562045name,22222
17790709562046,17790709562046name,22222
17790709562047,17790709562047name,22222
17790709562048,17790709562048name,22222
17790709562049,17790709562049name,22222
17790709562050,17790709562050name,22222
17790709562051,17790709562051name,22222
17790709562052,17790709562052name,22222
17790709562053,17790709562053name,22222
17790709562054,17790709562054name,22222
17790709562055,17790709562055name,22222
17790709562056,17790709562056name,22222
17790709562057,17790709562057name,22222
17790709562058,17790709562058name,22222
17790709562059,17790709562059name,22222
17790709562060,17790709562060name,22222
17790709562061,17790709562061name,22222
17790709562062,17790709562062name,22222
17790709562063,17790709562063name,22222
17790709562064,17790709562064name,22222
17790709562065,17790709562065name,22222
17790709562066,17790709562066name,22222
17790709562067,17790709562067name,22222
17790709562068,17790709562068name,22222
17790709562069,17790709562069name,22222
17790709562070,17790709562070name,22222
17790709562071,17790709562071name,22222
17790709562072,17790709562072name,22222
17790709562073,17790709562073name,22222
17790709562074,17790709562074name,22222
17790709562075,17790709562075name,22222
17790709562076,17790709562076name,22222
17790709562077,17790709562077name,22222
17790709562078,17790709562078name,22222
17790709562079,17790709562079name,22222
17790709562080,17790709562080name,22222
17790709562081,17790709562081name,22222
17790709562082,17790709562082name,22222
17790709562083,17790709562083name,22222
17790709562084,17790709562084name,22222
17790709562085,17790709562085name,22222
17790709562086,17790709562086name,22222
17790709562087,17790709562087name,22222
17790709562088,17790709562088name,22222
17790709562089,17790709562089name,22222
17790709562090,17790709562090name,22222
17790709562091,17790709562091name,22222
17790709562092,17790709562092name,22222
17790709562093,17790709562093name,22222
17790709562094,17790709562094name,22222
17790709562095,17790709562095name,22222
17790709562096,17790709562096name,22222
17790709562097,17790709562097name,22222
17790709562098,17790709562098name,22222
17790709562099,17790709562099name,22222
17790709562100,17790709562100name,22222
17790709562101,17790709562101name,22222
17790709562102,17790709562102name,22222
17790709562103,17790709562103name,22222
17790709562104,17790709562104name,22222
17790709562105,17790709562105name,22222
17790709562106,17790709562106name,22222
17790709562107,17790709562107name,22222
17790709562108,17790709562108name,22222
17790709562109,17790709562109name,22222
17790709562110,17790709562110name,22222
17790709562111,17790709562111name,22222
17790709562112,17790709562112name,22222
17790709562113,17790709562113name,22222
17790709562114,17790709562114name,22222
17790709562115,17790709562115name,22222
17790709562116,17790709562116name,22222
17790709562117,17790709562117name,22222
17790709562118,17790709562118name,22222
17790709562119,17790709562119name,22222
17790709562120,17790709562120name,22222
17790709562121,17790709562121name,22222
17790709562122,17790709562122name,22222
17790709562123,17790709562123name,22222
17790709562124,17790709562124name,22222
17790709562125,17790709562125name,22222
17790709562126,17790709562126name,22222
17790709562127,17790709562127name,22222
17790709562128,17790709562128name,22222
17790709562129,17790709562129name,22222
17790709562130,17790709562130name,22222
17790709562131,17790709562131name,22222
17790709562132,17790709562132name,22222
17790709562133,17790709562133name,22222
17790709562134,17790709562134name,22222
17790709562135,17790709562135name,22222
17790709562136,17790709562136name,22222
17790709562137,17790709562137name,22222
17790709562138,17790709562138name,22222
17790709562139,17790709562139name,22222
17790709562140,17790709562140name,22222
17790709562141,17790709562141name,22222
17790709562142,17790709562142name,22222
17790709562143,17790709562143name,22222
17790709562144,17790709562144name,22222
17790709562145,17790709562145name,22222
17790709562146,17790709562146name,22222
17790709562147,17790709562147name,22222
17790709562148,17790709562148name,22222
17790709562149,17790709562149name,22222
17790709562150,17790709562150name,22222
17790709562151,17790709562151name,22222
17790709562152,17790709562152name,22222
17790709562153,17790709562153name,22222
17790709562154,17790709562154name,22222
17790709562155,17790709562155name,22222
17790709562156,17790709562156name,22222
17790709562157,17790709562157name,22222
17790709562158,17790709562158name,22222
17790709562159,17790709562159name,22222
17790709562160,17790709562160name,22222
17790709562161,17790709562161name,22222
17790709562162,17790709562162name,22222
17790709562163,17790709562163name,22222
17790709562164,17790709562164name,22222
17790709562165,17790709562165name,22222
17790709562166,17790709562166name,22222
17790709562167,17790709562167name,22222
17790709562168,17790709562168name,22222
17790709562169,17790709562169name,22222
17790709562170,17790709562170name,22222
17790709562171,17790709562171name,22222
17790709562172,17790709562172name,22222
17790709562173,17790709562173name,22222
17790709562174,17790709562174name,22222
17790709562175,17790709562175name,22222
17790709562176,17790709562176name,22222
17790709562177,17790709562177name,22222
17790709562178,17790709562178name,22222
17790709562179,17790709562179name,22222
17790709562180,17790709562180name,22222
17790709562181,17790709562181name,22222
17790709562182,17790709562182name,22222
17790709562183,17790709562183name,22222
17790709562184,17790709562184name,22222
17790709562185,17790709562185name,22222
17790709562186,17790709562186name,22222
17790709562187,17790709562187name,22222
17790709562188,17790709562188name,22222
17790709562189,17790709562189name,22222
17790709562190,17790709562190name,22222
17790709562191,17790709562191name,22222
17790709562192,17790709562192name,22222
17790709562193,17790709562193name,22222
17790709562194,17790709562194name,22222
17790709562195,17790709562195name,22222
17790709562196,17790709562196name,22222
17790709562197,17790709562197name,22222
17790709562198,17790709562198name,22222
17790709562199,17790709562199name,22222
17790709562200,17790709562200name,22222
17790709562201,17790709562201name,22222
17790709562202,17790709562202name,22222
17790709562203,17790709562203name,22222
17790709562204,17790709562204name,22222
17790709562205,17790709562205name,22222
17790709562206,17790709562206name,22222
17790709562207,17790709562207name,22222
17790709562208,17790709562208name,22222
17790709562209,17790709562209name,22222
17790709562210,17790709562210name,22222
17790709562211,17790709562211name,22222
17790709562212,17790709562212name,22222
17790709562213,17790709562213name,22222
17790709562214,17790709562214name,22222
17790709562215,17790709562215name,22222
17790709562216,17790709562216name,22222
17790709562217,17790709562217name,22222
17790709562218,17790709562218name,22222
17790709562219,17790709562219name,22222
17790709562220,17790709562220name,22222
17790709562221,17790709562221name,22222
17790709562222,17790709562222name,22222
17790709562223,17790709562223name,22222
17790709562224,17790709562224name,22222
17790709562225,17790709562225name,22222
17790709562226,17790709562226name,22222
17790709562227,17790709562227name,22222
17790709562228,17790709562228name,22222
17790709562229,17790709562229name,22222
17790709562230,17790709562230name,22222
17790709562231,17790709562231name,22222
17790709562232,17790709562232name,22222
17790709562233,17790709562233name,22222
17790709562234,17790709562234name,22222
17790709562235,17790709562235name,22222
17790709562236,17790709562236name,22222
17790709562237,17790709562237name,22222
17790709562238,17790709562238name,22222
17790709562239,17790709562239name,22222
17790709562240,17790709562240name,22222
17790709562241,17790709562241name,22222
17790709562242,17790709562242name,22222
17790709562243,17790709562243name,22222
17790709562244,17790709562244name,22222
17790709562245,17790709562245name,22222
17790709562246,17790709562246name,22222
17790709562247,17790709562247name,22222
17790709562248,17790709562248name,22222
17790709562249,17790709562249name,22222
17790709562250,17790709562250name,22222
17790709562251,17790709562251name,22222
17790709562252,17790709562252name,22222
17790709562253,17790709562253name,22222
17790709562254,17790709562254name,22222
17790709562255,17790709562255name,22222
17790709562256,17790709562256name,22222
17790709562257,17790709562257name,22222
17790709562258,17790709562258name,22222
17790709562259,17790709562259name,22222
17790709562260,17790709562260name,22222
17790709562261,17790709562261name,22222
17790709562262,17790709562262name,22222
17790709562263,17790709562263name,22222
17790709562264,17790709562264name,22222
17790709562265,17790709562265name,22222
17790709562266,17790709562266name,22222
17790709562267,17790709562267name,22222
17790709562268,17790709562268name,22222
17790709562269,17790709562269name,22222
17790709562270,17790709562270name,22222
17790709562271,17790709562271name,22222
17790709562272,17790709562272name,22222
17790709562273,17790709562273name,22222
17790709562274,17790709562274name,22222
17790709562275,17790709562275name,22222
17790709562276,17790709562276name,22222
17790709562277,17790709562277name,22222
17790709562278,17790709562278name,22222
17790709562279,17790709562279name,22222
17790709562280,17790709562280name,22222
17790709562281,17790709562281name,22222
17790709562282,17790709562282name,22222
17790709562283,17790709562283name,22222
17790709562284,17790709562284name,22222
17790709562285,17790709562285name,22222
17790709562286,17790709562286name,22222
17790709562287,17790709562287name,22222
17790709562288,17790709562288name,22222
17790709562289,17790709562289name,22222
17790709562290,17790709562290name,22222
17790709562291,17790709562291name,22222
17790709562292,17790709562292name,22222
17790709562293,17790709562293name,22222
17790709562294,17790709562294name,22222
17790709562295,17790709562295name,22222
17790709562296,17790709562296name,22222
17790709562297,17790709562297name,22222
17790709562298,17790709562298name,22222
17790709562299,17790709562299name,22222
17790709562300,17790709562300name,22222
17790709562301,17790709562301name,22222
17790709562302,17790709562302name,22222
17790709562303,17790709562303name,22222
17790709562304,17790709562304name,22222
17790709562305,17790709562305name,22222
17790709562306,17790709562306name,22222
17790709562307,17790709562307name,22222
17790709562308,17790709562308name,22222
17790709562309,17790709562309name,22222
17790709562310,17790709562310name,22222
17790709562311,17790709562311name,22222
17790709562312,17790709562312name,22222
17790709562313,17790709562313name,22222
17790709562314,17790709562314name,22222
17790709562315,17790709562315name,22222
17790709562316,17790709562316name,22222
17790709562317,17790709562317name,22222
17790709562318,17790709562318name,22222
17790709562319,17790709562319name,22222
17790709562320,17790709562320name,22222
17790709562321,17790709562321name,22222
17790709562322,17790709562322name,22222
17790709562323,17790709562323name,22222
17790709562324,17790709562324name,22222
17790709562325,17790709562325name,22222
17790709562326,17790709562326name,22222
17790709562327,17790709562327name,22222
17790709562328,17790709562328name,22222
17790709562329,17790709562329name,22222
17790709562330,17790709562330name,22222
17790709562331,17790709562331name,22222
17790709562332,17790709562332name,22222
17790709562333,17790709562333name,22222
17790709562334,17790709562334name,22222
17790709562335,17790709562335name,22222
17790709562336,17790709562336name,22222
17790709562337,17790709562337name,22222
17790709562338,17790709562338name,22222
17790709562339,17790709562339name,22222
17790709562340,17790709562340name,22222
17790709562341,17790709562341name,22222
17790709562342,17790709562342name,22222
17790709562343,17790709562343name,22222
17790709562344,17790709562344name,22222
17790709562345,17790709562345name,22222
17790709562346,17790709562346name,22222
17790709562347,17790709562347name,22222
17790709562348,17790709562348name,22222
17790709562349,17790709562349name,22222
17790709562350,17790709562350name,22222
17790709562351,17790709562351name,22222
17790709562352,17790709562352name,22222
17790709562353,17790709562353name,22222
17790709562354,17790709562354name,22222
17790709562355,17790709562355name,22222
17790709562356,17790709562356name,22222
17790709562357,17790709562357name,22222
17790709562358,17790709562358name,22222
17790709562359,17790709562359name,22222
17790709562360,17790709562360name,22222
17790709562361,17790709562361name,22222
17790709562362,17790709562362name,22222
17790709562363,17790709562363name,22222
17790709562364,17790709562364name,22222
17790709562365,17790709562365name,22222
17790709562366,17790709562366name,22222
17790709562367,17790709562367name,22222
17790709562368,17790709562368name,22222
17790709562369,17790709562369name,22222
17790709562370,17790709562370name,22222
17790709562371,17790709562371name,22222
17790709562372,17790709562372name,22222
17790709562373,17790709562373name,22222
17790709562374,17790709562374name,22222
17790709562375,17790709562375name,22222
17790709562376,17790709562376name,22222
17790709562377,17790709562377name,22222
17790709562378,17790709562378name,22222
17790709562379,17790709562379name,22222
17790709562380,17790709562380name,22222
17790709562381,17790709562381name,22222
17790709562382,17790709562382name,22222
17790709562383,17790709562383name,22222
17790709562384,17790709562384name,22222
17790709562385,17790709562385name,22222
17790709562386,17790709562386name,22222
17790709562387,17790709562387name,22222
17790709562388,17790709562388name,22222
17790709562389,17790709562389name,22222
17790709562390,17790709562390name,22222
17790709562391,17790709562391name,22222
17790709562392,17790709562392name,22222
17790709562393,17790709562393name,22222
17790709562394,17790709562394name,22222
17790709562395,17790709562395name,22222
17790709562396,17790709562396name,22222
17790709562397,17790709562397name,22222
17790709562398,17790709562398name,22222
17790709562399,17790709562399name,22222
17790709562400,17790709562400name,22222
17790709562401,17790709562401name,22222
17790709562402,17790709562402name,22222
17790709562403,17790709562403name,22222
17790709562404,17790709562404name,22222
17790709562405,17790709562405name,22222
17790709562406,17790709562406name,22222
17790709562407,17790709562407name,22222
17790709562408,17790709562408name,22222
17790709562409,17790709562409name,22222
17790709562410,17790709562410name,22222
17790709562411,17790709562411name,22222
17790709562412,17790709562412name,22222
17790709562413,17790709562413name,22222
17790709562414,17790709562414name,22222
17790709562415,17790709562415name,22222
17790709562416,17790709562416name,22222
17790709562417,17790709562417name,22222
17790709562418,17790709562418name,22222
17790709562419,17790709562419name,22222
17790709562420,17790709562420name,22222
17790709562421,17790709562421name,22222
17790709562422,17790709562422name,22222
17790709562423,17790709562423name,22222
17790709562424,17790709562424name,22222
17790709562425,17790709562425name,22222
17790709562426,17790709562426name,22222
17790709562427,17790709562427name,22222
17790709562428,17790709562428name,22222
17790709562429,17790709562429name,22222
17790709562430,17790709562430name,22222
17790709562431,17790709562431name,22222
17790709562432,17790709562432name,22222
17790709562433,17790709562433name,22222
17790709562434,17790709562434name,22222
17790709562435,17790709562435name,22222
17790709562436,17790709562436name,22222
17790709562437,17790709562437name,22222
17790709562438,17790709562438name,22222
17790709562439,17790709562439name,22222
17790709562440,17790709562440name,22222
17790709562441,17790709562441name,22222
17790709562442,17790709562442name,22222
17790709562443,17790709562443name,22222
17790709562444,17790709562444name,22222
17790709562445,17790709562445name,22222
17790709562446,17790709562446name,22222
17790709562447,17790709562447name,22222
17790709562448,17790709562448name,22222
17790709562449,17790709562449name,22222
17790709562450,17790709562450name,22222
17790709562451,17790709562451name,22222
17790709562452,17790709562452name,22222
17790709562453,17790709562453name,22222
17790709562454,17790709562454name,22222
17790709562455,17790709562455name,22222
17790709562456,17790709562456name,22222
17790709562457,17790709562457name,22222
17790709562458,17790709562458name,22222
17790709562459,17790709562459name,22222
17790709562460,17790709562460name,22222
17790709562461,17790709562461name,22222
17790709562462,17790709562462name,22222
17790709562463,17790709562463name,22222
17790709562464,17790709562464name,22222
17790709562465,17790709562465name,22222
17790709562466,17790709562466name,22222
17790709562467,17790709562467name,22222
17790709562468,17790709562468name,22222
17790709562469,17790709562469name,22222
17790709562470,17790709562470name,22222
17790709562471,17790709562471name,22222
17790709562472,17790709562472name,22222
17790709562473,17790709562473name,22222
17790709562474,17790709562474name,22222
17790709562475,17790709562475name,22222
17790709562476,17790709562476name,22222
17790709562477,17790709562477name,22222
17790709562478,17790709562478name,22222
17790709562479,17790709562479name,22222
17790709562480,17790709562480name,22222
17790709562481,17790709562481name,22222
17790709562482,17790709562482name,22222
17790709562483,17790709562483name,22222
17790709562484,17790709562484name,22222
17790709562485,17790709562485name,22222
17790709562486,17790709562486name,22222
17790709562487,17790709562487name,22222
17790709562488,17790709562488name,22222
17790709562489,17790709562489name,22222
17790709562490,17790709562490name,22222
17790709562491,17790709562491name,22222
17790709562492,17790709562492name,22222
17790709562493,17790709562493name,22222
17790709562494,17790709562494name,22222
17790709562495,17790709562495name,22222
17790709562496,17790709562496name,22222
17790709562497,17790709562497name,22222
17790709562498,17790709562498name,22222
17790709562499,17790709562499name,22222
17790709562500,17790709562500name,22222
17790709562501,17790709562501name,22222
17790709562502,17790709562502name,22222
17790709562503,17790709562503name,22222
17790709562504,17790709562504name,22222
17790709562505,17790709562505name,22222
17790709562506,17790709562506name,22222
17790709562507,17790709562507name,22222
17790709562508,17790709562508name,22222
17790709562509,17790709562509name,22222
17790709562510,17790709562510name,22222
17790709562511,17790709562511name,22222
17790709562512,17790709562512name,22222
17790709562513,17790709562513name,22222
17790709562514,17790709562514name,22222
17790709562515,17790709562515name,22222
17790709562516,17790709562516name,22222
17790709562517,17790709562517name,22222
17790709562518,17790709562518name,22222
17790709562519,17790709562519name,22222
17790709562520,17790709562520name,22222
17790709562521,17790709562521name,22222
17790709562522,17790709562522name,22222
17790709562523,17790709562523name,22222
17790709562524,17790709562524name,22222
17790709562525,17790709562525name,22222
17790709562526,17790709562526name,22222
17790709562527,17790709562527name,22222
17790709562528,17790709562528name,22222
17790709562529,17790709562529name,22222
17790709562530,17790709562530name,22222
17790709562531,17790709562531name,22222
17790709562532,17790709562532name,22222
17790709562533,17790709562533name,22222
17790709562534,17790709562534name,22222
17790709562535,17790709562535name,22222
17790709562536,17790709562536name,22222
17790709562537,17790709562537name,22222
17790709562538,17790709562538name,22222
17790709562539,17790709562539name,22222
17790709562540,17790709562540name,22222
17790709562541,17790709562541name,22222
17790709562542,17790709562542name,22222
17790709562543,17790709562543name,22222
17790709562544,17790709562544name,22222
17790709562545,17790709562545name,22222
17790709562546,17790709562546name,22222
17790709562547,17790709562547name,22222
17790709562548,17790709562548name,22222
17790709562549,17790709562549name,22222
17790709562550,17790709562550name,22222
17790709562551,17790709562551name,22222
17790709562552,17790709562552name,22222
17790709562553,17790709562553name,22222
17790709562554,17790709562554name,22222
17790709562555,17790709562555name,22222
17790709562556,17790709562556name,22222
17790709562557,17790709562557name,22222
17790709562558,17790709562558name,22222
17790709562559,17790709562559name,22222
17790709562560,17790709562560name,22222
17790709562561,17790709562561name,22222
17790709562562,17790709562562name,22222
17790709562563,17790709562563name,22222
17790709562564,17790709562564name,22222
17790709562565,17790709562565name,22222
17790709562566,17790709562566name,22222
17790709562567,17790709562567name,22222
17790709562568,17790709562568name,22222
17790709562569,17790709562569name,22222
17790709562570,17790709562570name,22222
17790709562571,17790709562571name,22222
17790709562572,17790709562572name,22222
17790709562573,17790709562573name,22222
17790709562574,17790709562574name,22222
17790709562575,17790709562575name,22222
17790709562576,17790709562576name,22222
17790709562577,17790709562577name,22222
17790709562578,17790709562578name,22222
17790709562579,17790709562579name,22222
17790709562580,17790709562580name,22222
17790709562581,17790709562581name,22222
17790709562582,17790709562582name,22222
17790709562583,17790709562583name,22222
17790709562584,17790709562584name,22222
17790709562585,17790709562585name,22222
17790709562586,17790709562586name,22222
17790709562587,17790709562587name,22222
17790709562588,17790709562588name,22222
17790709562589,17790709562589name,22222
17790709562590,17790709562590name,22222
17790709562591,17790709562591name,22222
17790709562592,17790709562592name,22222
17790709562593,17790709562593name,22222
17790709562594,17790709562594name,22222
17790709562595,17790709562595name,22222
17790709562596,17790709562596name,22222
17790709562597,17790709562597name,22222
17790709562598,17790709562598name,22222
17790709562599,17790709562599name,22222
17790709562600,17790709562600name,22222
17790709562601,17790709562601name,22222
17790709562602,17790709562602name,22222
17790709562603,17790709562603name,22222
17790709562604,17790709562604name,22222
17790709562605,17790709562605name,22222
17790709562606,17790709562606name,22222
17790709562607,17790709562607name,22222
17790709562608,17790709562608name,22222
17790709562609,17790709562609name,22222
17790709562610,17790709562610name,22222
17790709562611,17790709562611name,22222
17790709562612,17790709562612name,22222
17790709562613,17790709562613name,22222
17790709562614,17790709562614name,22222
17790709562615,17790709562615name,22222
17790709562616,17790709562616name,22222
17790709562617,17790709562617name,22222
17790709562618,17790709562618name,22222
17790709562619,17790709562619name,22222
17790709562620,17790709562620name,22222
17790709562621,17790709562621name,22222
17790709562622,17790709562622name,22222
17790709562623,17790709562623name,22222
17790709562624,17790709562624name,22222
17790709562625,17790709562625name,22222
17790709562626,17790709562626name,22222
17790709562627,17790709562627name,22222
17790709562628,17790709562628name,22222
17790709562629,17790709562629name,22222
17790709562630,17790709562630name,22222
17790709562631,17790709562631name,22222
17790709562632,17790709562632name,22222
17790709562633,17790709562633name,22222
17790709562634,17790709562634name,22222
17790709562635,17790709562635name,22222
17790709562636,17790709562636name,22222
17790709562637,17790709562637name,22222
17790709562638,17790709562638name,22222
17790709562639,17790709562639name,22222
17790709562640,17790709562640name,22222
17790709562641,17790709562641name,22222
17790709562642,17790709562642name,22222
17790709562643,17790709562643name,22222
17790709562644,17790709562644name,22222
17790709562645,17790709562645name,22222
17790709562646,17790709562646name,22222
17790709562647,17790709562647name,22222
17790709562648,17790709562648name,22222
17790709562649,17790709562649name,22222
17790709562650,17790709562650name,22222
17790709562651,17790709562651name,22222
17790709562652,17790709562652name,22222
17790709562653,17790709562653name,22222
17790709562654,17790709562654name,22222
17790709562655,17790709562655name,22222
17790709562656,17790709562656name,22222
17790709562657,17790709562657name,22222
17790709562658,17790709562658name,22222
17790709562659,17790709562659name,22222
17790709562660,17790709562660name,22222
17790709562661,17790709562661name,22222
17790709562662,17790709562662name,22222
17790709562663,17790709562663name,22222
17790709562664,17790709562664name,22222
17790709562665,17790709562665name,22222
17790709562666,17790709562666name,22222
17790709562667,17790709562667name,22222
17790709562668,17790709562668name,22222
17790709562669,17790709562669name,22222
17790709562670,17790709562670name,22222
17790709562671,17790709562671name,22222
17790709562672,17790709562672name,22222
17790709562673,17790709562673name,22222
17790709562674,17790709562674name,22222
17790709562675,17790709562675name,22222
17790709562676,17790709562676name,22222
17790709562677,17790709562677name,22222
17790709562678,17790709562678name,22222
17790709562679,17790709562679name,22222
17790709562680,17790709562680name,22222
17790709562681,17790709562681name,22222
17790709562682,17790709562682name,22222
17790709562683,17790709562683name,22222
17790709562684,17790709562684name,22222
17790709562685,17790709562685name,22222
17790709562686,17790709562686name,22222
17790709562687,17790709562687name,22222
17790709562688,17790709562688name,22222
17790709562689,17790709562689name,22222
17790709562690,17790709562690name,22222
17790709562691,17790709562691name,22222
17790709562692,17790709562692name,22222
17790709562693,17790709562693name,22222
17790709562694,17790709562694name,22222
17790709562695,17790709562695name,22222
17790709562696,17790709562696name,22222
17790709562697,17790709562697name,22222
17790709562698,17790709562698name,22222
17790709562699,17790709562699name,22222
17790709562700,17790709562700name,22222
17790709562701,17790709562701name,22222
17790709562702,17790709562702name,22222
17790709562703,17790709562703name,22222
17790709562704,17790709562704name,22222
17790709562705,17790709562705name,22222
17790709562706,17790709562706name,22222
17790709562707,17790709562707name,22222
17790709562708,17790709562708name,22222
17790709562709,17790709562709name,22222
17790709562710,17790709562710name,22222
17790709562711,17790709562711name,22222
17790709562712,17790709562712name,22222
17790709562713,17790709562713name,22222
17790709562714,17790709562714name,22222
17790709562715,17790709562715name,22222
17790709562716,17790709562716name,22222
17790709562717,17790709562717name,22222
17790709562718,17790709562718name,22222
17790709562719,17790709562719name,22222
17790709562720,17790709562720name,22222
17790709562721,17790709562721name,22222
17790709562722,17790709562722name,22222
17790709562723,17790709562723name,22222
17790709562724,17790709562724name,22222
17790709562725,17790709562725name,22222
17790709562726,17790709562726name,22222
17790709562727,17790709562727name,22222
17790709562728,17790709562728name,22222
17790709562729,17790709562729name,22222
17790709562730,17790709562730name,22222
17790709562731,17790709562731name,22222
17790709562732,17790709562732name,22222
17790709562733,17790709562733name,22222
17790709562734,17790709562734name,22222
17790709562735,17790709562735name,22222
17790709562736,17790709562736name,22222
17790709562737,17790709562737name,22222
17790709562738,17790709562738name,22222
17790709562739,17790709562739name,22222
17790709562740,17790709562740name,22222
17790709562741,17790709562741name,22222
17790709562742,17790709562742name,22222
17790709562743,17790709562743name,22222
17790709562744,17790709562744name,22222
17790709562745,17790709562745name,22222
17790709562746,17790709562746name,22222
17790709562747,17790709562747name,22222
17790709562748,17790709562748name,22222
17790709562749,17790709562749name,22222
17790709562750,17790709562750name,22222
17790709562751,17790709562751name,22222
17790709562752,17790709562752name,22222
17790709562753,17790709562753name,22222
17790709562754,17790709562754name,22222
17790709562755,17790709562755name,22222
17790709562756,17790709562756name,22222
17790709562757,17790709562757name,22222
17790709562758,17790709562758name,22222
17790709562759,17790709562759name,22222
17790709562760,17790709562760name,22222
17790709562761,17790709562761name,22222
17790709562762,17790709562762name,22222
17790709562763,17790709562763name,22222
17790709562764,17790709562764name,22222
17790709562765,17790709562765name,22222
17790709562766,17790709562766name,22222
17790709562767,17790709562767name,22222
17790709562768,17790709562768name,22222
17790709562769,17790709562769name,22222
17790709562770,17790709562770name,22222
17790709562771,17790709562771name,22222
17790709562772,17790709562772name,22222
17790709562773,17790709562773name,22222
17790709562774,17790709562774name,22222
17790709562775,17790709562775name,22222
17790709562776,17790709562776name,22222
17790709562777,17790709562777name,22222
17790709562778,17790709562778name,22222
17790709562779,17790709562779name,22222
17790709562780,17790709562780name,22222
17790709562781,17790709562781name,22222
17790709562782,17790709562782name,22222
17790709562783,17790709562783name,22222
17790709562784,17790709562784name,22222
17790709562785,17790709562785name,22222
17790709562786,17790709562786name,22222
17790709562787,17790709562787name,22222
17790709562788,17790709562788name,22222
17790709562789,17790709562789name,22222
17790709562790,17790709562790name,22222
17790709562791,17790709562791name,22222
17790709562792,17790709562792name,22222
17790709562793,17790709562793name,22222
17790709562794,17790709562794name,22222
17790709562795,17790709562795name,22222
17790709562796,17790709562796name,22222
17790709562797,17790709562797name,22222
17790709562798,17790709562798name,22222
17790709562799,17790709562799name,22222
17790709562800,17790709562800name,22222
17790709562801,17790709562801name,22222
17790709562802,17790709562802name,22222
17790709562803,17790709562803name,22222
17790709562804,17790709562804name,22222
17790709562805,17790709562805name,22222
17790709562806,17790709562806name,22222
17790709562807,17790709562807name,22222
17790709562808,17790709562808name,22222
17790709562809,17790709562809name,22222
17790709562810,17790709562810name,22222
17790709562811,17790709562811name,22222
17790709562812,17790709562812name,22222
17790709562813,17790709562813name,22222
17790709562814,17790709562814name,22222
17790709562815,17790709562815name,22222
17790709562816,17790709562816name,22222
17790709562817,17790709562817name,22222
17790709562818,17790709562818name,22222
17790709562819,17790709562819name,22222
17790709562820,17790709562820name,22222
17790709562821,17790709562821name,22222
17790709562822,17790709562822name,22222
17790709562823,17790709562823name,22222
17790709562824,17790709562824name,22222
17790709562825,17790709562825name,22222
17790709562826,17790709562826name,22222
17790709562827,17790709562827name,22222
17790709562828,17790709562828name,22222
17790709562829,17790709562829name,22222
17790709562830,17790709562830name,22222
17790709562831,17790709562831name,22222
17790709562832,17790709562832name,22222
17790709562833,17790709562833name,22222
17790709562834,17790709562834name,22222
17790709562835,17790709562835name,22222
17790709562836,17790709562836name,22222
17790709562837,17790709562837name,22222
17790709562838,17790709562838name,22222
17790709562839,17790709562839name,22222
17790709562840,17790709562840name,22222
17790709562841,17790709562841name,22222
17790709562842,17790709562842name,22222
17790709562843,17790709562843name,22222
17790709562844,17790709562844name,22222
17790709562845,17790709562845name,22222
17790709562846,17790709562846name,22222
17790709562847,17790709562847name,22222
17790709562848,17790709562848name,22222
17790709562849,17790709562849name,22222
17790709562850,17790709562850name,22222
17790709562851,17790709562851name,22222
17790709562852,17790709562852name,22222
17790709562853,17790709562853name,22222
17790709562854,17790709562854name,22222
17790709562855,17790709562855name,22222
17790709562856,17790709562856name,22222
17790709562857,17790709562857name,22222
17790709562858,17790709562858name,22222
17790709562859,17790709562859name,22222
17790709562860,17790709562860name,22222
17790709562861,17790709562861name,22222
17790709562862,17790709562862name,22222
17790709562863,17790709562863name,22222
17790709562864,17790709562864name,22222
17790709562865,17790709562865name,22222
17790709562866,17790709562866name,22222
17790709562867,17790709562867name,22222
17790709562868,17790709562868name,22222
17790709562869,17790709562869name,22222
17790709562870,17790709562870name,22222
17790709562871,17790709562871name,22222
17790709562872,17790709562872name,22222
17790709562873,17790709562873name,22222
17790709562874,17790709562874name,22222
17790709562875,17790709562875name,22222
17790709562876,17790709562876name,22222
17790709562877,17790709562877name,22222
17790709562878,17790709562878name,22222
17790709562879,17790709562879name,22222
17790709562880,17790709562880name,22222
17790709562881,17790709562881name,22222
17790709562882,17790709562882name,22222
17790709562883,17790709562883name,22222
17790709562884,17790709562884name,22222
17790709562885,17790709562885name,22222
17790709562886,17790709562886name,22222
17790709562887,17790709562887name,22222
17790709562888,17790709562888name,22222
17790709562889,17790709562889name,22222
17790709562890,17790709562890name,22222
17790709562891,17790709562891name,22222
17790709562892,17790709562892name,22222
17790709562893,17790709562893name,22222
17790709562894,17790709562894name,22222
17790709562895,17790709562895name,22222
17790709562896,17790709562896name,22222
17790709562897,17790709562897name,22222
17790709562898,17790709562898name,22222
17790709562899,17790709562899name,22222
17790709562900,17790709562900name,22222
17790709562901,17790709562901name,22222
17790709562902,17790709562902name,22222
17790709562903,17790709562903name,22222
17790709562904,17790709562904name,22222
17790709562905,17790709562905name,22222
17790709562906,17790709562906name,22222
17790709562907,17790709562907name,22222
17790709562908,17790709562908name,22222
17790709562909,17790709562909name,22222
17790709562910,17790709562910name,22222
17790709562911,17790709562911name,22222
17790709562912,17790709562912name,22222
17790709562913,17790709562913name,22222
17790709562914,17790709562914name,22222
17790709562915,17790709562915name,22222
17790709562916,17790709562916name,22222
17790709562917,17790709562917name,22222
17790709562918,17790709562918name,22222
17790709562919,17790709562919name,22222
17790709562920,17790709562920name,22222
17790709562921,17790709562921name,22222
17790709562922,17790709562922name,22222
17790709562923,17790709562923name,22222
17790709562924,17790709562924name,22222
17790709562925,17790709562925name,22222
17790709562926,17790709562926name,22222
17790709562927,17790709562927name,22222
17790709562928,17790709562928name,22222
17790709562929,17790709562929name,22222
17790709562930,17790709562930name,22222
17790709562931,17790709562931name,22222
17790709562932,17790709562932name,22222
17790709562933,17790709562933name,22222
17790709562934,17790709562934name,22222
17790709562935,17790709562935name,22222
17790709562936,17790709562936name,22222
17790709562937,17790709562937name,22222
17790709562938,17790709562938name,22222
17790709562939,17790709562939name,22222
17790709562940,17790709562940name,22222
17790709562941,17790709562941name,22222
17790709562942,17790709562942name,22222
17790709562943,17790709562943name,22222
17790709562944,17790709562944name,22222
17790709562945,17790709562945name,22222
17790709562946,17790709562946name,22222
17790709562947,17790709562947name,22222
17790709562948,17790709562948name,22222
17790709562949,17790709562949name,22222
17790709562950,17790709562950name,22222
17790709562951,17790709562951name,22222
17790709562952,17790709562952name,22222
17790709562953,17790709562953name,22222
17790709562954,17790709562954name,22222
17790709562955,17790709562955name,22222
17790709562956,17790709562956name,22222
17790709562957,17790709562957name,22222
17790709562958,17790709562958name,22222
17790709562959,17790709562959name,22222
17790709562960,17790709562960name,22222
17790709562961,17790709562961name,22222
17790709562962,17790709562962name,22222
17790709562963,17790709562963name,22222
17790709562964,17790709562964name,22222
17790709562965,17790709562965name,22222
17790709562966,17790709562966name,22222
17790709562967,17790709562967name,22222
17790709562968,17790709562968name,22222
17790709562969,17790709562969name,22222
17790709562970,17790709562970name,22222
17790709562971,17790709562971name,22222
17790709562972,17790709562972name,22222
17790709562973,17790709562973name,22222
17790709562974,17790709562974name,22222
17790709562975,17790709562975name,22222
17790709562976,17790709562976name,22222
17790709562977,17790709562977name,22222
17790709562978,17790709562978name,22222
17790709562979,17790709562979name,22222
17790709562980,17790709562980name,22222
17790709562981,17790709562981name,22222
17790709562982,17790709562982name,22222
17790709562983,17790709562983name,22222
17790709562984,17790709562984name,22222
17790709562985,17790709562985name,22222
17790709562986,17790709562986name,22222
17790709562987,17790709562987name,22222
17790709562988,17790709562988name,22222
17790709562989,17790709562989name,22222
17790709562990,17790709562990name,22222
17790709562991,17790709562991name,22222
17790709562992,17790709562992name,22222
17790709562993,17790709562993name,22222
17790709562994,17790709562994name,22222
17790709562995,17790709562995name,22222
17790709562996,17790709562996name,22222
17790709562997,17790709562997name,22222
17790709562998,17790709562998name,22222
17790709562999,17790709562999name,22222
17790709563000,17790709563000name,22222
