merchantId,merchantName,mccCode
17790713503001,17790713503001name,22222
17790713503002,17790713503002name,22222
17790713503003,17790713503003name,22222
17790713503004,17790713503004name,22222
17790713503005,17790713503005name,22222
17790713503006,17790713503006name,22222
17790713503007,17790713503007name,22222
17790713503008,17790713503008name,22222
17790713503009,17790713503009name,22222
17790713503010,17790713503010name,22222
17790713503011,17790713503011name,22222
17790713503012,17790713503012name,22222
17790713503013,17790713503013name,22222
17790713503014,17790713503014name,22222
17790713503015,17790713503015name,22222
17790713503016,17790713503016name,22222
17790713503017,17790713503017name,22222
17790713503018,17790713503018name,22222
17790713503019,17790713503019name,22222
17790713503020,17790713503020name,22222
17790713503021,17790713503021name,22222
17790713503022,17790713503022name,22222
17790713503023,17790713503023name,22222
17790713503024,17790713503024name,22222
17790713503025,17790713503025name,22222
17790713503026,17790713503026name,22222
17790713503027,17790713503027name,22222
17790713503028,17790713503028name,22222
17790713503029,17790713503029name,22222
17790713503030,17790713503030name,22222
17790713503031,17790713503031name,22222
17790713503032,17790713503032name,22222
17790713503033,17790713503033name,22222
17790713503034,17790713503034name,22222
17790713503035,17790713503035name,22222
17790713503036,17790713503036name,22222
17790713503037,17790713503037name,22222
17790713503038,17790713503038name,22222
17790713503039,17790713503039name,22222
17790713503040,17790713503040name,22222
17790713503041,17790713503041name,22222
17790713503042,17790713503042name,22222
17790713503043,17790713503043name,22222
17790713503044,17790713503044name,22222
17790713503045,17790713503045name,22222
17790713503046,17790713503046name,22222
17790713503047,17790713503047name,22222
17790713503048,17790713503048name,22222
17790713503049,17790713503049name,22222
17790713503050,17790713503050name,22222
17790713503051,17790713503051name,22222
17790713503052,17790713503052name,22222
17790713503053,17790713503053name,22222
17790713503054,17790713503054name,22222
17790713503055,17790713503055name,22222
17790713503056,17790713503056name,22222
17790713503057,17790713503057name,22222
17790713503058,17790713503058name,22222
17790713503059,17790713503059name,22222
17790713503060,17790713503060name,22222
17790713503061,17790713503061name,22222
17790713503062,17790713503062name,22222
17790713503063,17790713503063name,22222
17790713503064,17790713503064name,22222
17790713503065,17790713503065name,22222
17790713503066,17790713503066name,22222
17790713503067,17790713503067name,22222
17790713503068,17790713503068name,22222
17790713503069,17790713503069name,22222
17790713503070,17790713503070name,22222
17790713503071,17790713503071name,22222
17790713503072,17790713503072name,22222
17790713503073,17790713503073name,22222
17790713503074,17790713503074name,22222
17790713503075,17790713503075name,22222
17790713503076,17790713503076name,22222
17790713503077,17790713503077name,22222
17790713503078,17790713503078name,22222
17790713503079,17790713503079name,22222
17790713503080,17790713503080name,22222
17790713503081,17790713503081name,22222
17790713503082,17790713503082name,22222
17790713503083,17790713503083name,22222
17790713503084,17790713503084name,22222
17790713503085,17790713503085name,22222
17790713503086,17790713503086name,22222
17790713503087,17790713503087name,22222
17790713503088,17790713503088name,22222
17790713503089,17790713503089name,22222
17790713503090,17790713503090name,22222
17790713503091,17790713503091name,22222
17790713503092,17790713503092name,22222
17790713503093,17790713503093name,22222
17790713503094,17790713503094name,22222
17790713503095,17790713503095name,22222
17790713503096,17790713503096name,22222
17790713503097,17790713503097name,22222
17790713503098,17790713503098name,22222
17790713503099,17790713503099name,22222
17790713503100,17790713503100name,22222
17790713503101,17790713503101name,22222
17790713503102,17790713503102name,22222
17790713503103,17790713503103name,22222
17790713503104,17790713503104name,22222
17790713503105,17790713503105name,22222
17790713503106,17790713503106name,22222
17790713503107,17790713503107name,22222
17790713503108,17790713503108name,22222
17790713503109,17790713503109name,22222
17790713503110,17790713503110name,22222
17790713503111,17790713503111name,22222
17790713503112,17790713503112name,22222
17790713503113,17790713503113name,22222
17790713503114,17790713503114name,22222
17790713503115,17790713503115name,22222
17790713503116,17790713503116name,22222
17790713503117,17790713503117name,22222
17790713503118,17790713503118name,22222
17790713503119,17790713503119name,22222
17790713503120,17790713503120name,22222
17790713503121,17790713503121name,22222
17790713503122,17790713503122name,22222
17790713503123,17790713503123name,22222
17790713503124,17790713503124name,22222
17790713503125,17790713503125name,22222
17790713503126,17790713503126name,22222
17790713503127,17790713503127name,22222
17790713503128,17790713503128name,22222
17790713503129,17790713503129name,22222
17790713503130,17790713503130name,22222
17790713503131,17790713503131name,22222
17790713503132,17790713503132name,22222
17790713503133,17790713503133name,22222
17790713503134,17790713503134name,22222
17790713503135,17790713503135name,22222
17790713503136,17790713503136name,22222
17790713503137,17790713503137name,22222
17790713503138,17790713503138name,22222
17790713503139,17790713503139name,22222
17790713503140,17790713503140name,22222
17790713503141,17790713503141name,22222
17790713503142,17790713503142name,22222
17790713503143,17790713503143name,22222
17790713503144,17790713503144name,22222
17790713503145,17790713503145name,22222
17790713503146,17790713503146name,22222
17790713503147,17790713503147name,22222
17790713503148,17790713503148name,22222
17790713503149,17790713503149name,22222
17790713503150,17790713503150name,22222
17790713503151,17790713503151name,22222
17790713503152,17790713503152name,22222
17790713503153,17790713503153name,22222
17790713503154,17790713503154name,22222
17790713503155,17790713503155name,22222
17790713503156,17790713503156name,22222
17790713503157,17790713503157name,22222
17790713503158,17790713503158name,22222
17790713503159,17790713503159name,22222
17790713503160,17790713503160name,22222
17790713503161,17790713503161name,22222
17790713503162,17790713503162name,22222
17790713503163,17790713503163name,22222
17790713503164,17790713503164name,22222
17790713503165,17790713503165name,22222
17790713503166,17790713503166name,22222
17790713503167,17790713503167name,22222
17790713503168,17790713503168name,22222
17790713503169,17790713503169name,22222
17790713503170,17790713503170name,22222
17790713503171,17790713503171name,22222
17790713503172,17790713503172name,22222
17790713503173,17790713503173name,22222
17790713503174,17790713503174name,22222
17790713503175,17790713503175name,22222
17790713503176,17790713503176name,22222
17790713503177,17790713503177name,22222
17790713503178,17790713503178name,22222
17790713503179,17790713503179name,22222
17790713503180,17790713503180name,22222
17790713503181,17790713503181name,22222
17790713503182,17790713503182name,22222
17790713503183,17790713503183name,22222
17790713503184,17790713503184name,22222
17790713503185,17790713503185name,22222
17790713503186,17790713503186name,22222
17790713503187,17790713503187name,22222
17790713503188,17790713503188name,22222
17790713503189,17790713503189name,22222
17790713503190,17790713503190name,22222
17790713503191,17790713503191name,22222
17790713503192,17790713503192name,22222
17790713503193,17790713503193name,22222
17790713503194,17790713503194name,22222
17790713503195,17790713503195name,22222
17790713503196,17790713503196name,22222
17790713503197,17790713503197name,22222
17790713503198,17790713503198name,22222
17790713503199,17790713503199name,22222
17790713503200,17790713503200name,22222
17790713503201,17790713503201name,22222
17790713503202,17790713503202name,22222
17790713503203,17790713503203name,22222
17790713503204,17790713503204name,22222
17790713503205,17790713503205name,22222
17790713503206,17790713503206name,22222
17790713503207,17790713503207name,22222
17790713503208,17790713503208name,22222
17790713503209,17790713503209name,22222
17790713503210,17790713503210name,22222
17790713503211,17790713503211name,22222
17790713503212,17790713503212name,22222
17790713503213,17790713503213name,22222
17790713503214,17790713503214name,22222
17790713503215,17790713503215name,22222
17790713503216,17790713503216name,22222
17790713503217,17790713503217name,22222
17790713503218,17790713503218name,22222
17790713503219,17790713503219name,22222
17790713503220,17790713503220name,22222
17790713503221,17790713503221name,22222
17790713503222,17790713503222name,22222
17790713503223,17790713503223name,22222
17790713503224,17790713503224name,22222
17790713503225,17790713503225name,22222
17790713503226,17790713503226name,22222
17790713503227,17790713503227name,22222
17790713503228,17790713503228name,22222
17790713503229,17790713503229name,22222
17790713503230,17790713503230name,22222
17790713503231,17790713503231name,22222
17790713503232,17790713503232name,22222
17790713503233,17790713503233name,22222
17790713503234,17790713503234name,22222
17790713503235,17790713503235name,22222
17790713503236,17790713503236name,22222
17790713503237,17790713503237name,22222
17790713503238,17790713503238name,22222
17790713503239,17790713503239name,22222
17790713503240,17790713503240name,22222
17790713503241,17790713503241name,22222
17790713503242,17790713503242name,22222
17790713503243,17790713503243name,22222
17790713503244,17790713503244name,22222
17790713503245,17790713503245name,22222
17790713503246,17790713503246name,22222
17790713503247,17790713503247name,22222
17790713503248,17790713503248name,22222
17790713503249,17790713503249name,22222
17790713503250,17790713503250name,22222
17790713503251,17790713503251name,22222
17790713503252,17790713503252name,22222
17790713503253,17790713503253name,22222
17790713503254,17790713503254name,22222
17790713503255,17790713503255name,22222
17790713503256,17790713503256name,22222
17790713503257,17790713503257name,22222
17790713503258,17790713503258name,22222
17790713503259,17790713503259name,22222
17790713503260,17790713503260name,22222
17790713503261,17790713503261name,22222
17790713503262,17790713503262name,22222
17790713503263,17790713503263name,22222
17790713503264,17790713503264name,22222
17790713503265,17790713503265name,22222
17790713503266,17790713503266name,22222
17790713503267,17790713503267name,22222
17790713503268,17790713503268name,22222
17790713503269,17790713503269name,22222
17790713503270,17790713503270name,22222
17790713503271,17790713503271name,22222
17790713503272,17790713503272name,22222
17790713503273,17790713503273name,22222
17790713503274,17790713503274name,22222
17790713503275,17790713503275name,22222
17790713503276,17790713503276name,22222
17790713503277,17790713503277name,22222
17790713503278,17790713503278name,22222
17790713503279,17790713503279name,22222
17790713503280,17790713503280name,22222
17790713503281,17790713503281name,22222
17790713503282,17790713503282name,22222
17790713503283,17790713503283name,22222
17790713503284,17790713503284name,22222
17790713503285,17790713503285name,22222
17790713503286,17790713503286name,22222
17790713503287,17790713503287name,22222
17790713503288,17790713503288name,22222
17790713503289,17790713503289name,22222
17790713503290,17790713503290name,22222
17790713503291,17790713503291name,22222
17790713503292,17790713503292name,22222
17790713503293,17790713503293name,22222
17790713503294,17790713503294name,22222
17790713503295,17790713503295name,22222
17790713503296,17790713503296name,22222
17790713503297,17790713503297name,22222
17790713503298,17790713503298name,22222
17790713503299,17790713503299name,22222
17790713503300,17790713503300name,22222
17790713503301,17790713503301name,22222
17790713503302,17790713503302name,22222
17790713503303,17790713503303name,22222
17790713503304,17790713503304name,22222
17790713503305,17790713503305name,22222
17790713503306,17790713503306name,22222
17790713503307,17790713503307name,22222
17790713503308,17790713503308name,22222
17790713503309,17790713503309name,22222
17790713503310,17790713503310name,22222
17790713503311,17790713503311name,22222
17790713503312,17790713503312name,22222
17790713503313,17790713503313name,22222
17790713503314,17790713503314name,22222
17790713503315,17790713503315name,22222
17790713503316,17790713503316name,22222
17790713503317,17790713503317name,22222
17790713503318,17790713503318name,22222
17790713503319,17790713503319name,22222
17790713503320,17790713503320name,22222
17790713503321,17790713503321name,22222
17790713503322,17790713503322name,22222
17790713503323,17790713503323name,22222
17790713503324,17790713503324name,22222
17790713503325,17790713503325name,22222
17790713503326,17790713503326name,22222
17790713503327,17790713503327name,22222
17790713503328,17790713503328name,22222
17790713503329,17790713503329name,22222
17790713503330,17790713503330name,22222
17790713503331,17790713503331name,22222
17790713503332,17790713503332name,22222
17790713503333,17790713503333name,22222
17790713503334,17790713503334name,22222
17790713503335,17790713503335name,22222
17790713503336,17790713503336name,22222
17790713503337,17790713503337name,22222
17790713503338,17790713503338name,22222
17790713503339,17790713503339name,22222
17790713503340,17790713503340name,22222
17790713503341,17790713503341name,22222
17790713503342,17790713503342name,22222
17790713503343,17790713503343name,22222
17790713503344,17790713503344name,22222
17790713503345,17790713503345name,22222
17790713503346,17790713503346name,22222
17790713503347,17790713503347name,22222
17790713503348,17790713503348name,22222
17790713503349,17790713503349name,22222
17790713503350,17790713503350name,22222
17790713503351,17790713503351name,22222
17790713503352,17790713503352name,22222
17790713503353,17790713503353name,22222
17790713503354,17790713503354name,22222
17790713503355,17790713503355name,22222
17790713503356,17790713503356name,22222
17790713503357,17790713503357name,22222
17790713503358,17790713503358name,22222
17790713503359,17790713503359name,22222
17790713503360,17790713503360name,22222
17790713503361,17790713503361name,22222
17790713503362,17790713503362name,22222
17790713503363,17790713503363name,22222
17790713503364,17790713503364name,22222
17790713503365,17790713503365name,22222
17790713503366,17790713503366name,22222
17790713503367,17790713503367name,22222
17790713503368,17790713503368name,22222
17790713503369,17790713503369name,22222
17790713503370,17790713503370name,22222
17790713503371,17790713503371name,22222
17790713503372,17790713503372name,22222
17790713503373,17790713503373name,22222
17790713503374,17790713503374name,22222
17790713503375,17790713503375name,22222
17790713503376,17790713503376name,22222
17790713503377,17790713503377name,22222
17790713503378,17790713503378name,22222
17790713503379,17790713503379name,22222
17790713503380,17790713503380name,22222
17790713503381,17790713503381name,22222
17790713503382,17790713503382name,22222
17790713503383,17790713503383name,22222
17790713503384,17790713503384name,22222
17790713503385,17790713503385name,22222
17790713503386,17790713503386name,22222
17790713503387,17790713503387name,22222
17790713503388,17790713503388name,22222
17790713503389,17790713503389name,22222
17790713503390,17790713503390name,22222
17790713503391,17790713503391name,22222
17790713503392,17790713503392name,22222
17790713503393,17790713503393name,22222
17790713503394,17790713503394name,22222
17790713503395,17790713503395name,22222
17790713503396,17790713503396name,22222
17790713503397,17790713503397name,22222
17790713503398,17790713503398name,22222
17790713503399,17790713503399name,22222
17790713503400,17790713503400name,22222
17790713503401,17790713503401name,22222
17790713503402,17790713503402name,22222
17790713503403,17790713503403name,22222
17790713503404,17790713503404name,22222
17790713503405,17790713503405name,22222
17790713503406,17790713503406name,22222
17790713503407,17790713503407name,22222
17790713503408,17790713503408name,22222
17790713503409,17790713503409name,22222
17790713503410,17790713503410name,22222
17790713503411,17790713503411name,22222
17790713503412,17790713503412name,22222
17790713503413,17790713503413name,22222
17790713503414,17790713503414name,22222
17790713503415,17790713503415name,22222
17790713503416,17790713503416name,22222
17790713503417,17790713503417name,22222
17790713503418,17790713503418name,22222
17790713503419,17790713503419name,22222
17790713503420,17790713503420name,22222
17790713503421,17790713503421name,22222
17790713503422,17790713503422name,22222
17790713503423,17790713503423name,22222
17790713503424,17790713503424name,22222
17790713503425,17790713503425name,22222
17790713503426,17790713503426name,22222
17790713503427,17790713503427name,22222
17790713503428,17790713503428name,22222
17790713503429,17790713503429name,22222
17790713503430,17790713503430name,22222
17790713503431,17790713503431name,22222
17790713503432,17790713503432name,22222
17790713503433,17790713503433name,22222
17790713503434,17790713503434name,22222
17790713503435,17790713503435name,22222
17790713503436,17790713503436name,22222
17790713503437,17790713503437name,22222
17790713503438,17790713503438name,22222
17790713503439,17790713503439name,22222
17790713503440,17790713503440name,22222
17790713503441,17790713503441name,22222
17790713503442,17790713503442name,22222
17790713503443,17790713503443name,22222
17790713503444,17790713503444name,22222
17790713503445,17790713503445name,22222
17790713503446,17790713503446name,22222
17790713503447,17790713503447name,22222
17790713503448,17790713503448name,22222
17790713503449,17790713503449name,22222
17790713503450,17790713503450name,22222
17790713503451,17790713503451name,22222
17790713503452,17790713503452name,22222
17790713503453,17790713503453name,22222
17790713503454,17790713503454name,22222
17790713503455,17790713503455name,22222
17790713503456,17790713503456name,22222
17790713503457,17790713503457name,22222
17790713503458,17790713503458name,22222
17790713503459,17790713503459name,22222
17790713503460,17790713503460name,22222
17790713503461,17790713503461name,22222
17790713503462,17790713503462name,22222
17790713503463,17790713503463name,22222
17790713503464,17790713503464name,22222
17790713503465,17790713503465name,22222
17790713503466,17790713503466name,22222
17790713503467,17790713503467name,22222
17790713503468,17790713503468name,22222
17790713503469,17790713503469name,22222
17790713503470,17790713503470name,22222
17790713503471,17790713503471name,22222
17790713503472,17790713503472name,22222
17790713503473,17790713503473name,22222
17790713503474,17790713503474name,22222
17790713503475,17790713503475name,22222
17790713503476,17790713503476name,22222
17790713503477,17790713503477name,22222
17790713503478,17790713503478name,22222
17790713503479,17790713503479name,22222
17790713503480,17790713503480name,22222
17790713503481,17790713503481name,22222
17790713503482,17790713503482name,22222
17790713503483,17790713503483name,22222
17790713503484,17790713503484name,22222
17790713503485,17790713503485name,22222
17790713503486,17790713503486name,22222
17790713503487,17790713503487name,22222
17790713503488,17790713503488name,22222
17790713503489,17790713503489name,22222
17790713503490,17790713503490name,22222
17790713503491,17790713503491name,22222
17790713503492,17790713503492name,22222
17790713503493,17790713503493name,22222
17790713503494,17790713503494name,22222
17790713503495,17790713503495name,22222
17790713503496,17790713503496name,22222
17790713503497,17790713503497name,22222
17790713503498,17790713503498name,22222
17790713503499,17790713503499name,22222
17790713503500,17790713503500name,22222
17790713503501,17790713503501name,22222
17790713503502,17790713503502name,22222
17790713503503,17790713503503name,22222
17790713503504,17790713503504name,22222
17790713503505,17790713503505name,22222
17790713503506,17790713503506name,22222
17790713503507,17790713503507name,22222
17790713503508,17790713503508name,22222
17790713503509,17790713503509name,22222
17790713503510,17790713503510name,22222
17790713503511,17790713503511name,22222
17790713503512,17790713503512name,22222
17790713503513,17790713503513name,22222
17790713503514,17790713503514name,22222
17790713503515,17790713503515name,22222
17790713503516,17790713503516name,22222
17790713503517,17790713503517name,22222
17790713503518,17790713503518name,22222
17790713503519,17790713503519name,22222
17790713503520,17790713503520name,22222
17790713503521,17790713503521name,22222
17790713503522,17790713503522name,22222
17790713503523,17790713503523name,22222
17790713503524,17790713503524name,22222
17790713503525,17790713503525name,22222
17790713503526,17790713503526name,22222
17790713503527,17790713503527name,22222
17790713503528,17790713503528name,22222
17790713503529,17790713503529name,22222
17790713503530,17790713503530name,22222
17790713503531,17790713503531name,22222
17790713503532,17790713503532name,22222
17790713503533,17790713503533name,22222
17790713503534,17790713503534name,22222
17790713503535,17790713503535name,22222
17790713503536,17790713503536name,22222
17790713503537,17790713503537name,22222
17790713503538,17790713503538name,22222
17790713503539,17790713503539name,22222
17790713503540,17790713503540name,22222
17790713503541,17790713503541name,22222
17790713503542,17790713503542name,22222
17790713503543,17790713503543name,22222
17790713503544,17790713503544name,22222
17790713503545,17790713503545name,22222
17790713503546,17790713503546name,22222
17790713503547,17790713503547name,22222
17790713503548,17790713503548name,22222
17790713503549,17790713503549name,22222
17790713503550,17790713503550name,22222
17790713503551,17790713503551name,22222
17790713503552,17790713503552name,22222
17790713503553,17790713503553name,22222
17790713503554,17790713503554name,22222
17790713503555,17790713503555name,22222
17790713503556,17790713503556name,22222
17790713503557,17790713503557name,22222
17790713503558,17790713503558name,22222
17790713503559,17790713503559name,22222
17790713503560,17790713503560name,22222
17790713503561,17790713503561name,22222
17790713503562,17790713503562name,22222
17790713503563,17790713503563name,22222
17790713503564,17790713503564name,22222
17790713503565,17790713503565name,22222
17790713503566,17790713503566name,22222
17790713503567,17790713503567name,22222
17790713503568,17790713503568name,22222
17790713503569,17790713503569name,22222
17790713503570,17790713503570name,22222
17790713503571,17790713503571name,22222
17790713503572,17790713503572name,22222
17790713503573,17790713503573name,22222
17790713503574,17790713503574name,22222
17790713503575,17790713503575name,22222
17790713503576,17790713503576name,22222
17790713503577,17790713503577name,22222
17790713503578,17790713503578name,22222
17790713503579,17790713503579name,22222
17790713503580,17790713503580name,22222
17790713503581,17790713503581name,22222
17790713503582,17790713503582name,22222
17790713503583,17790713503583name,22222
17790713503584,17790713503584name,22222
17790713503585,17790713503585name,22222
17790713503586,17790713503586name,22222
17790713503587,17790713503587name,22222
17790713503588,17790713503588name,22222
17790713503589,17790713503589name,22222
17790713503590,17790713503590name,22222
17790713503591,17790713503591name,22222
17790713503592,17790713503592name,22222
17790713503593,17790713503593name,22222
17790713503594,17790713503594name,22222
17790713503595,17790713503595name,22222
17790713503596,17790713503596name,22222
17790713503597,17790713503597name,22222
17790713503598,17790713503598name,22222
17790713503599,17790713503599name,22222
17790713503600,17790713503600name,22222
17790713503601,17790713503601name,22222
17790713503602,17790713503602name,22222
17790713503603,17790713503603name,22222
17790713503604,17790713503604name,22222
17790713503605,17790713503605name,22222
17790713503606,17790713503606name,22222
17790713503607,17790713503607name,22222
17790713503608,17790713503608name,22222
17790713503609,17790713503609name,22222
17790713503610,17790713503610name,22222
17790713503611,17790713503611name,22222
17790713503612,17790713503612name,22222
17790713503613,17790713503613name,22222
17790713503614,17790713503614name,22222
17790713503615,17790713503615name,22222
17790713503616,17790713503616name,22222
17790713503617,17790713503617name,22222
17790713503618,17790713503618name,22222
17790713503619,17790713503619name,22222
17790713503620,17790713503620name,22222
17790713503621,17790713503621name,22222
17790713503622,17790713503622name,22222
17790713503623,17790713503623name,22222
17790713503624,17790713503624name,22222
17790713503625,17790713503625name,22222
17790713503626,17790713503626name,22222
17790713503627,17790713503627name,22222
17790713503628,17790713503628name,22222
17790713503629,17790713503629name,22222
17790713503630,17790713503630name,22222
17790713503631,17790713503631name,22222
17790713503632,17790713503632name,22222
17790713503633,17790713503633name,22222
17790713503634,17790713503634name,22222
17790713503635,17790713503635name,22222
17790713503636,17790713503636name,22222
17790713503637,17790713503637name,22222
17790713503638,17790713503638name,22222
17790713503639,17790713503639name,22222
17790713503640,17790713503640name,22222
17790713503641,17790713503641name,22222
17790713503642,17790713503642name,22222
17790713503643,17790713503643name,22222
17790713503644,17790713503644name,22222
17790713503645,17790713503645name,22222
17790713503646,17790713503646name,22222
17790713503647,17790713503647name,22222
17790713503648,17790713503648name,22222
17790713503649,17790713503649name,22222
17790713503650,17790713503650name,22222
17790713503651,17790713503651name,22222
17790713503652,17790713503652name,22222
17790713503653,17790713503653name,22222
17790713503654,17790713503654name,22222
17790713503655,17790713503655name,22222
17790713503656,17790713503656name,22222
17790713503657,17790713503657name,22222
17790713503658,17790713503658name,22222
17790713503659,17790713503659name,22222
17790713503660,17790713503660name,22222
17790713503661,17790713503661name,22222
17790713503662,17790713503662name,22222
17790713503663,17790713503663name,22222
17790713503664,17790713503664name,22222
17790713503665,17790713503665name,22222
17790713503666,17790713503666name,22222
17790713503667,17790713503667name,22222
17790713503668,17790713503668name,22222
17790713503669,17790713503669name,22222
17790713503670,17790713503670name,22222
17790713503671,17790713503671name,22222
17790713503672,17790713503672name,22222
17790713503673,17790713503673name,22222
17790713503674,17790713503674name,22222
17790713503675,17790713503675name,22222
17790713503676,17790713503676name,22222
17790713503677,17790713503677name,22222
17790713503678,17790713503678name,22222
17790713503679,17790713503679name,22222
17790713503680,17790713503680name,22222
17790713503681,17790713503681name,22222
17790713503682,17790713503682name,22222
17790713503683,17790713503683name,22222
17790713503684,17790713503684name,22222
17790713503685,17790713503685name,22222
17790713503686,17790713503686name,22222
17790713503687,17790713503687name,22222
17790713503688,17790713503688name,22222
17790713503689,17790713503689name,22222
17790713503690,17790713503690name,22222
17790713503691,17790713503691name,22222
17790713503692,17790713503692name,22222
17790713503693,17790713503693name,22222
17790713503694,17790713503694name,22222
17790713503695,17790713503695name,22222
17790713503696,17790713503696name,22222
17790713503697,17790713503697name,22222
17790713503698,17790713503698name,22222
17790713503699,17790713503699name,22222
17790713503700,17790713503700name,22222
17790713503701,17790713503701name,22222
17790713503702,17790713503702name,22222
17790713503703,17790713503703name,22222
17790713503704,17790713503704name,22222
17790713503705,17790713503705name,22222
17790713503706,17790713503706name,22222
17790713503707,17790713503707name,22222
17790713503708,17790713503708name,22222
17790713503709,17790713503709name,22222
17790713503710,17790713503710name,22222
17790713503711,17790713503711name,22222
17790713503712,17790713503712name,22222
17790713503713,17790713503713name,22222
17790713503714,17790713503714name,22222
17790713503715,17790713503715name,22222
17790713503716,17790713503716name,22222
17790713503717,17790713503717name,22222
17790713503718,17790713503718name,22222
17790713503719,17790713503719name,22222
17790713503720,17790713503720name,22222
17790713503721,17790713503721name,22222
17790713503722,17790713503722name,22222
17790713503723,17790713503723name,22222
17790713503724,17790713503724name,22222
17790713503725,17790713503725name,22222
17790713503726,17790713503726name,22222
17790713503727,17790713503727name,22222
17790713503728,17790713503728name,22222
17790713503729,17790713503729name,22222
17790713503730,17790713503730name,22222
17790713503731,17790713503731name,22222
17790713503732,17790713503732name,22222
17790713503733,17790713503733name,22222
17790713503734,17790713503734name,22222
17790713503735,17790713503735name,22222
17790713503736,17790713503736name,22222
17790713503737,17790713503737name,22222
17790713503738,17790713503738name,22222
17790713503739,17790713503739name,22222
17790713503740,17790713503740name,22222
17790713503741,17790713503741name,22222
17790713503742,17790713503742name,22222
17790713503743,17790713503743name,22222
17790713503744,17790713503744name,22222
17790713503745,17790713503745name,22222
17790713503746,17790713503746name,22222
17790713503747,17790713503747name,22222
17790713503748,17790713503748name,22222
17790713503749,17790713503749name,22222
17790713503750,17790713503750name,22222
17790713503751,17790713503751name,22222
17790713503752,17790713503752name,22222
17790713503753,17790713503753name,22222
17790713503754,17790713503754name,22222
17790713503755,17790713503755name,22222
17790713503756,17790713503756name,22222
17790713503757,17790713503757name,22222
17790713503758,17790713503758name,22222
17790713503759,17790713503759name,22222
17790713503760,17790713503760name,22222
17790713503761,17790713503761name,22222
17790713503762,17790713503762name,22222
17790713503763,17790713503763name,22222
17790713503764,17790713503764name,22222
17790713503765,17790713503765name,22222
17790713503766,17790713503766name,22222
17790713503767,17790713503767name,22222
17790713503768,17790713503768name,22222
17790713503769,17790713503769name,22222
17790713503770,17790713503770name,22222
17790713503771,17790713503771name,22222
17790713503772,17790713503772name,22222
17790713503773,17790713503773name,22222
17790713503774,17790713503774name,22222
17790713503775,17790713503775name,22222
17790713503776,17790713503776name,22222
17790713503777,17790713503777name,22222
17790713503778,17790713503778name,22222
17790713503779,17790713503779name,22222
17790713503780,17790713503780name,22222
17790713503781,17790713503781name,22222
17790713503782,17790713503782name,22222
17790713503783,17790713503783name,22222
17790713503784,17790713503784name,22222
17790713503785,17790713503785name,22222
17790713503786,17790713503786name,22222
17790713503787,17790713503787name,22222
17790713503788,17790713503788name,22222
17790713503789,17790713503789name,22222
17790713503790,17790713503790name,22222
17790713503791,17790713503791name,22222
17790713503792,17790713503792name,22222
17790713503793,17790713503793name,22222
17790713503794,17790713503794name,22222
17790713503795,17790713503795name,22222
17790713503796,17790713503796name,22222
17790713503797,17790713503797name,22222
17790713503798,17790713503798name,22222
17790713503799,17790713503799name,22222
17790713503800,17790713503800name,22222
17790713503801,17790713503801name,22222
17790713503802,17790713503802name,22222
17790713503803,17790713503803name,22222
17790713503804,17790713503804name,22222
17790713503805,17790713503805name,22222
17790713503806,17790713503806name,22222
17790713503807,17790713503807name,22222
17790713503808,17790713503808name,22222
17790713503809,17790713503809name,22222
17790713503810,17790713503810name,22222
17790713503811,17790713503811name,22222
17790713503812,17790713503812name,22222
17790713503813,17790713503813name,22222
17790713503814,17790713503814name,22222
17790713503815,17790713503815name,22222
17790713503816,17790713503816name,22222
17790713503817,17790713503817name,22222
17790713503818,17790713503818name,22222
17790713503819,17790713503819name,22222
17790713503820,17790713503820name,22222
17790713503821,17790713503821name,22222
17790713503822,17790713503822name,22222
17790713503823,17790713503823name,22222
17790713503824,17790713503824name,22222
17790713503825,17790713503825name,22222
17790713503826,17790713503826name,22222
17790713503827,17790713503827name,22222
17790713503828,17790713503828name,22222
17790713503829,17790713503829name,22222
17790713503830,17790713503830name,22222
17790713503831,17790713503831name,22222
17790713503832,17790713503832name,22222
17790713503833,17790713503833name,22222
17790713503834,17790713503834name,22222
17790713503835,17790713503835name,22222
17790713503836,17790713503836name,22222
17790713503837,17790713503837name,22222
17790713503838,17790713503838name,22222
17790713503839,17790713503839name,22222
17790713503840,17790713503840name,22222
17790713503841,17790713503841name,22222
17790713503842,17790713503842name,22222
17790713503843,17790713503843name,22222
17790713503844,17790713503844name,22222
17790713503845,17790713503845name,22222
17790713503846,17790713503846name,22222
17790713503847,17790713503847name,22222
17790713503848,17790713503848name,22222
17790713503849,17790713503849name,22222
17790713503850,17790713503850name,22222
17790713503851,17790713503851name,22222
17790713503852,17790713503852name,22222
17790713503853,17790713503853name,22222
17790713503854,17790713503854name,22222
17790713503855,17790713503855name,22222
17790713503856,17790713503856name,22222
17790713503857,17790713503857name,22222
17790713503858,17790713503858name,22222
17790713503859,17790713503859name,22222
17790713503860,17790713503860name,22222
17790713503861,17790713503861name,22222
17790713503862,17790713503862name,22222
17790713503863,17790713503863name,22222
17790713503864,17790713503864name,22222
17790713503865,17790713503865name,22222
17790713503866,17790713503866name,22222
17790713503867,17790713503867name,22222
17790713503868,17790713503868name,22222
17790713503869,17790713503869name,22222
17790713503870,17790713503870name,22222
17790713503871,17790713503871name,22222
17790713503872,17790713503872name,22222
17790713503873,17790713503873name,22222
17790713503874,17790713503874name,22222
17790713503875,17790713503875name,22222
17790713503876,17790713503876name,22222
17790713503877,17790713503877name,22222
17790713503878,17790713503878name,22222
17790713503879,17790713503879name,22222
17790713503880,17790713503880name,22222
17790713503881,17790713503881name,22222
17790713503882,17790713503882name,22222
17790713503883,17790713503883name,22222
17790713503884,17790713503884name,22222
17790713503885,17790713503885name,22222
17790713503886,17790713503886name,22222
17790713503887,17790713503887name,22222
17790713503888,17790713503888name,22222
17790713503889,17790713503889name,22222
17790713503890,17790713503890name,22222
17790713503891,17790713503891name,22222
17790713503892,17790713503892name,22222
17790713503893,17790713503893name,22222
17790713503894,17790713503894name,22222
17790713503895,17790713503895name,22222
17790713503896,17790713503896name,22222
17790713503897,17790713503897name,22222
17790713503898,17790713503898name,22222
17790713503899,17790713503899name,22222
17790713503900,17790713503900name,22222
17790713503901,17790713503901name,22222
17790713503902,17790713503902name,22222
17790713503903,17790713503903name,22222
17790713503904,17790713503904name,22222
17790713503905,17790713503905name,22222
17790713503906,17790713503906name,22222
17790713503907,17790713503907name,22222
17790713503908,17790713503908name,22222
17790713503909,17790713503909name,22222
17790713503910,17790713503910name,22222
17790713503911,17790713503911name,22222
17790713503912,17790713503912name,22222
17790713503913,17790713503913name,22222
17790713503914,17790713503914name,22222
17790713503915,17790713503915name,22222
17790713503916,17790713503916name,22222
17790713503917,17790713503917name,22222
17790713503918,17790713503918name,22222
17790713503919,17790713503919name,22222
17790713503920,17790713503920name,22222
17790713503921,17790713503921name,22222
17790713503922,17790713503922name,22222
17790713503923,17790713503923name,22222
17790713503924,17790713503924name,22222
17790713503925,17790713503925name,22222
17790713503926,17790713503926name,22222
17790713503927,17790713503927name,22222
17790713503928,17790713503928name,22222
17790713503929,17790713503929name,22222
17790713503930,17790713503930name,22222
17790713503931,17790713503931name,22222
17790713503932,17790713503932name,22222
17790713503933,17790713503933name,22222
17790713503934,17790713503934name,22222
17790713503935,17790713503935name,22222
17790713503936,17790713503936name,22222
17790713503937,17790713503937name,22222
17790713503938,17790713503938name,22222
17790713503939,17790713503939name,22222
17790713503940,17790713503940name,22222
17790713503941,17790713503941name,22222
17790713503942,17790713503942name,22222
17790713503943,17790713503943name,22222
17790713503944,17790713503944name,22222
17790713503945,17790713503945name,22222
17790713503946,17790713503946name,22222
17790713503947,17790713503947name,22222
17790713503948,17790713503948name,22222
17790713503949,17790713503949name,22222
17790713503950,17790713503950name,22222
17790713503951,17790713503951name,22222
17790713503952,17790713503952name,22222
17790713503953,17790713503953name,22222
17790713503954,17790713503954name,22222
17790713503955,17790713503955name,22222
17790713503956,17790713503956name,22222
17790713503957,17790713503957name,22222
17790713503958,17790713503958name,22222
17790713503959,17790713503959name,22222
17790713503960,17790713503960name,22222
17790713503961,17790713503961name,22222
17790713503962,17790713503962name,22222
17790713503963,17790713503963name,22222
17790713503964,17790713503964name,22222
17790713503965,17790713503965name,22222
17790713503966,17790713503966name,22222
17790713503967,17790713503967name,22222
17790713503968,17790713503968name,22222
17790713503969,17790713503969name,22222
17790713503970,17790713503970name,22222
17790713503971,17790713503971name,22222
17790713503972,17790713503972name,22222
17790713503973,17790713503973name,22222
17790713503974,17790713503974name,22222
17790713503975,17790713503975name,22222
17790713503976,17790713503976name,22222
17790713503977,17790713503977name,22222
17790713503978,17790713503978name,22222
17790713503979,17790713503979name,22222
17790713503980,17790713503980name,22222
17790713503981,17790713503981name,22222
17790713503982,17790713503982name,22222
17790713503983,17790713503983name,22222
17790713503984,17790713503984name,22222
17790713503985,17790713503985name,22222
17790713503986,17790713503986name,22222
17790713503987,17790713503987name,22222
17790713503988,17790713503988name,22222
17790713503989,17790713503989name,22222
17790713503990,17790713503990name,22222
17790713503991,17790713503991name,22222
17790713503992,17790713503992name,22222
17790713503993,17790713503993name,22222
17790713503994,17790713503994name,22222
17790713503995,17790713503995name,22222
17790713503996,17790713503996name,22222
17790713503997,17790713503997name,22222
17790713503998,17790713503998name,22222
17790713503999,17790713503999name,22222
17790713504000,17790713504000name,22222
17790713504001,17790713504001name,22222
17790713504002,17790713504002name,22222
17790713504003,17790713504003name,22222
17790713504004,17790713504004name,22222
17790713504005,17790713504005name,22222
17790713504006,17790713504006name,22222
17790713504007,17790713504007name,22222
17790713504008,17790713504008name,22222
17790713504009,17790713504009name,22222
17790713504010,17790713504010name,22222
17790713504011,17790713504011name,22222
17790713504012,17790713504012name,22222
17790713504013,17790713504013name,22222
17790713504014,17790713504014name,22222
17790713504015,17790713504015name,22222
17790713504016,17790713504016name,22222
17790713504017,17790713504017name,22222
17790713504018,17790713504018name,22222
17790713504019,17790713504019name,22222
17790713504020,17790713504020name,22222
17790713504021,17790713504021name,22222
17790713504022,17790713504022name,22222
17790713504023,17790713504023name,22222
17790713504024,17790713504024name,22222
17790713504025,17790713504025name,22222
17790713504026,17790713504026name,22222
17790713504027,17790713504027name,22222
17790713504028,17790713504028name,22222
17790713504029,17790713504029name,22222
17790713504030,17790713504030name,22222
17790713504031,17790713504031name,22222
17790713504032,17790713504032name,22222
17790713504033,17790713504033name,22222
17790713504034,17790713504034name,22222
17790713504035,17790713504035name,22222
17790713504036,17790713504036name,22222
17790713504037,17790713504037name,22222
17790713504038,17790713504038name,22222
17790713504039,17790713504039name,22222
17790713504040,17790713504040name,22222
17790713504041,17790713504041name,22222
17790713504042,17790713504042name,22222
17790713504043,17790713504043name,22222
17790713504044,17790713504044name,22222
17790713504045,17790713504045name,22222
17790713504046,17790713504046name,22222
17790713504047,17790713504047name,22222
17790713504048,17790713504048name,22222
17790713504049,17790713504049name,22222
17790713504050,17790713504050name,22222
17790713504051,17790713504051name,22222
17790713504052,17790713504052name,22222
17790713504053,17790713504053name,22222
17790713504054,17790713504054name,22222
17790713504055,17790713504055name,22222
17790713504056,17790713504056name,22222
17790713504057,17790713504057name,22222
17790713504058,17790713504058name,22222
17790713504059,17790713504059name,22222
17790713504060,17790713504060name,22222
17790713504061,17790713504061name,22222
17790713504062,17790713504062name,22222
17790713504063,17790713504063name,22222
17790713504064,17790713504064name,22222
17790713504065,17790713504065name,22222
17790713504066,17790713504066name,22222
17790713504067,17790713504067name,22222
17790713504068,17790713504068name,22222
17790713504069,17790713504069name,22222
17790713504070,17790713504070name,22222
17790713504071,17790713504071name,22222
17790713504072,17790713504072name,22222
17790713504073,17790713504073name,22222
17790713504074,17790713504074name,22222
17790713504075,17790713504075name,22222
17790713504076,17790713504076name,22222
17790713504077,17790713504077name,22222
17790713504078,17790713504078name,22222
17790713504079,17790713504079name,22222
17790713504080,17790713504080name,22222
17790713504081,17790713504081name,22222
17790713504082,17790713504082name,22222
17790713504083,17790713504083name,22222
17790713504084,17790713504084name,22222
17790713504085,17790713504085name,22222
17790713504086,17790713504086name,22222
17790713504087,17790713504087name,22222
17790713504088,17790713504088name,22222
17790713504089,17790713504089name,22222
17790713504090,17790713504090name,22222
17790713504091,17790713504091name,22222
17790713504092,17790713504092name,22222
17790713504093,17790713504093name,22222
17790713504094,17790713504094name,22222
17790713504095,17790713504095name,22222
17790713504096,17790713504096name,22222
17790713504097,17790713504097name,22222
17790713504098,17790713504098name,22222
17790713504099,17790713504099name,22222
17790713504100,17790713504100name,22222
17790713504101,17790713504101name,22222
17790713504102,17790713504102name,22222
17790713504103,17790713504103name,22222
17790713504104,17790713504104name,22222
17790713504105,17790713504105name,22222
17790713504106,17790713504106name,22222
17790713504107,17790713504107name,22222
17790713504108,17790713504108name,22222
17790713504109,17790713504109name,22222
17790713504110,17790713504110name,22222
17790713504111,17790713504111name,22222
17790713504112,17790713504112name,22222
17790713504113,17790713504113name,22222
17790713504114,17790713504114name,22222
17790713504115,17790713504115name,22222
17790713504116,17790713504116name,22222
17790713504117,17790713504117name,22222
17790713504118,17790713504118name,22222
17790713504119,17790713504119name,22222
17790713504120,17790713504120name,22222
17790713504121,17790713504121name,22222
17790713504122,17790713504122name,22222
17790713504123,17790713504123name,22222
17790713504124,17790713504124name,22222
17790713504125,17790713504125name,22222
17790713504126,17790713504126name,22222
17790713504127,17790713504127name,22222
17790713504128,17790713504128name,22222
17790713504129,17790713504129name,22222
17790713504130,17790713504130name,22222
17790713504131,17790713504131name,22222
17790713504132,17790713504132name,22222
17790713504133,17790713504133name,22222
17790713504134,17790713504134name,22222
17790713504135,17790713504135name,22222
17790713504136,17790713504136name,22222
17790713504137,17790713504137name,22222
17790713504138,17790713504138name,22222
17790713504139,17790713504139name,22222
17790713504140,17790713504140name,22222
17790713504141,17790713504141name,22222
17790713504142,17790713504142name,22222
17790713504143,17790713504143name,22222
17790713504144,17790713504144name,22222
17790713504145,17790713504145name,22222
17790713504146,17790713504146name,22222
17790713504147,17790713504147name,22222
17790713504148,17790713504148name,22222
17790713504149,17790713504149name,22222
17790713504150,17790713504150name,22222
17790713504151,17790713504151name,22222
17790713504152,17790713504152name,22222
17790713504153,17790713504153name,22222
17790713504154,17790713504154name,22222
17790713504155,17790713504155name,22222
17790713504156,17790713504156name,22222
17790713504157,17790713504157name,22222
17790713504158,17790713504158name,22222
17790713504159,17790713504159name,22222
17790713504160,17790713504160name,22222
17790713504161,17790713504161name,22222
17790713504162,17790713504162name,22222
17790713504163,17790713504163name,22222
17790713504164,17790713504164name,22222
17790713504165,17790713504165name,22222
17790713504166,17790713504166name,22222
17790713504167,17790713504167name,22222
17790713504168,17790713504168name,22222
17790713504169,17790713504169name,22222
17790713504170,17790713504170name,22222
17790713504171,17790713504171name,22222
17790713504172,17790713504172name,22222
17790713504173,17790713504173name,22222
17790713504174,17790713504174name,22222
17790713504175,17790713504175name,22222
17790713504176,17790713504176name,22222
17790713504177,17790713504177name,22222
17790713504178,17790713504178name,22222
17790713504179,17790713504179name,22222
17790713504180,17790713504180name,22222
17790713504181,17790713504181name,22222
17790713504182,17790713504182name,22222
17790713504183,17790713504183name,22222
17790713504184,17790713504184name,22222
17790713504185,17790713504185name,22222
17790713504186,17790713504186name,22222
17790713504187,17790713504187name,22222
17790713504188,17790713504188name,22222
17790713504189,17790713504189name,22222
17790713504190,17790713504190name,22222
17790713504191,17790713504191name,22222
17790713504192,17790713504192name,22222
17790713504193,17790713504193name,22222
17790713504194,17790713504194name,22222
17790713504195,17790713504195name,22222
17790713504196,17790713504196name,22222
17790713504197,17790713504197name,22222
17790713504198,17790713504198name,22222
17790713504199,17790713504199name,22222
17790713504200,17790713504200name,22222
17790713504201,17790713504201name,22222
17790713504202,17790713504202name,22222
17790713504203,17790713504203name,22222
17790713504204,17790713504204name,22222
17790713504205,17790713504205name,22222
17790713504206,17790713504206name,22222
17790713504207,17790713504207name,22222
17790713504208,17790713504208name,22222
17790713504209,17790713504209name,22222
17790713504210,17790713504210name,22222
17790713504211,17790713504211name,22222
17790713504212,17790713504212name,22222
17790713504213,17790713504213name,22222
17790713504214,17790713504214name,22222
17790713504215,17790713504215name,22222
17790713504216,17790713504216name,22222
17790713504217,17790713504217name,22222
17790713504218,17790713504218name,22222
17790713504219,17790713504219name,22222
17790713504220,17790713504220name,22222
17790713504221,17790713504221name,22222
17790713504222,17790713504222name,22222
17790713504223,17790713504223name,22222
17790713504224,17790713504224name,22222
17790713504225,17790713504225name,22222
17790713504226,17790713504226name,22222
17790713504227,17790713504227name,22222
17790713504228,17790713504228name,22222
17790713504229,17790713504229name,22222
17790713504230,17790713504230name,22222
17790713504231,17790713504231name,22222
17790713504232,17790713504232name,22222
17790713504233,17790713504233name,22222
17790713504234,17790713504234name,22222
17790713504235,17790713504235name,22222
17790713504236,17790713504236name,22222
17790713504237,17790713504237name,22222
17790713504238,17790713504238name,22222
17790713504239,17790713504239name,22222
17790713504240,17790713504240name,22222
17790713504241,17790713504241name,22222
17790713504242,17790713504242name,22222
17790713504243,17790713504243name,22222
17790713504244,17790713504244name,22222
17790713504245,17790713504245name,22222
17790713504246,17790713504246name,22222
17790713504247,17790713504247name,22222
17790713504248,17790713504248name,22222
17790713504249,17790713504249name,22222
17790713504250,17790713504250name,22222
17790713504251,17790713504251name,22222
17790713504252,17790713504252name,22222
17790713504253,17790713504253name,22222
17790713504254,17790713504254name,22222
17790713504255,17790713504255name,22222
17790713504256,17790713504256name,22222
17790713504257,17790713504257name,22222
17790713504258,17790713504258name,22222
17790713504259,17790713504259name,22222
17790713504260,17790713504260name,22222
17790713504261,17790713504261name,22222
17790713504262,17790713504262name,22222
17790713504263,17790713504263name,22222
17790713504264,17790713504264name,22222
17790713504265,17790713504265name,22222
17790713504266,17790713504266name,22222
17790713504267,17790713504267name,22222
17790713504268,17790713504268name,22222
17790713504269,17790713504269name,22222
17790713504270,17790713504270name,22222
17790713504271,17790713504271name,22222
17790713504272,17790713504272name,22222
17790713504273,17790713504273name,22222
17790713504274,17790713504274name,22222
17790713504275,17790713504275name,22222
17790713504276,17790713504276name,22222
17790713504277,17790713504277name,22222
17790713504278,17790713504278name,22222
17790713504279,17790713504279name,22222
17790713504280,17790713504280name,22222
17790713504281,17790713504281name,22222
17790713504282,17790713504282name,22222
17790713504283,17790713504283name,22222
17790713504284,17790713504284name,22222
17790713504285,17790713504285name,22222
17790713504286,17790713504286name,22222
17790713504287,17790713504287name,22222
17790713504288,17790713504288name,22222
17790713504289,17790713504289name,22222
17790713504290,17790713504290name,22222
17790713504291,17790713504291name,22222
17790713504292,17790713504292name,22222
17790713504293,17790713504293name,22222
17790713504294,17790713504294name,22222
17790713504295,17790713504295name,22222
17790713504296,17790713504296name,22222
17790713504297,17790713504297name,22222
17790713504298,17790713504298name,22222
17790713504299,17790713504299name,22222
17790713504300,17790713504300name,22222
17790713504301,17790713504301name,22222
17790713504302,17790713504302name,22222
17790713504303,17790713504303name,22222
17790713504304,17790713504304name,22222
17790713504305,17790713504305name,22222
17790713504306,17790713504306name,22222
17790713504307,17790713504307name,22222
17790713504308,17790713504308name,22222
17790713504309,17790713504309name,22222
17790713504310,17790713504310name,22222
17790713504311,17790713504311name,22222
17790713504312,17790713504312name,22222
17790713504313,17790713504313name,22222
17790713504314,17790713504314name,22222
17790713504315,17790713504315name,22222
17790713504316,17790713504316name,22222
17790713504317,17790713504317name,22222
17790713504318,17790713504318name,22222
17790713504319,17790713504319name,22222
17790713504320,17790713504320name,22222
17790713504321,17790713504321name,22222
17790713504322,17790713504322name,22222
17790713504323,17790713504323name,22222
17790713504324,17790713504324name,22222
17790713504325,17790713504325name,22222
17790713504326,17790713504326name,22222
17790713504327,17790713504327name,22222
17790713504328,17790713504328name,22222
17790713504329,17790713504329name,22222
17790713504330,17790713504330name,22222
17790713504331,17790713504331name,22222
17790713504332,17790713504332name,22222
17790713504333,17790713504333name,22222
17790713504334,17790713504334name,22222
17790713504335,17790713504335name,22222
17790713504336,17790713504336name,22222
17790713504337,17790713504337name,22222
17790713504338,17790713504338name,22222
17790713504339,17790713504339name,22222
17790713504340,17790713504340name,22222
17790713504341,17790713504341name,22222
17790713504342,17790713504342name,22222
17790713504343,17790713504343name,22222
17790713504344,17790713504344name,22222
17790713504345,17790713504345name,22222
17790713504346,17790713504346name,22222
17790713504347,17790713504347name,22222
17790713504348,17790713504348name,22222
17790713504349,17790713504349name,22222
17790713504350,17790713504350name,22222
17790713504351,17790713504351name,22222
17790713504352,17790713504352name,22222
17790713504353,17790713504353name,22222
17790713504354,17790713504354name,22222
17790713504355,17790713504355name,22222
17790713504356,17790713504356name,22222
17790713504357,17790713504357name,22222
17790713504358,17790713504358name,22222
17790713504359,17790713504359name,22222
17790713504360,17790713504360name,22222
17790713504361,17790713504361name,22222
17790713504362,17790713504362name,22222
17790713504363,17790713504363name,22222
17790713504364,17790713504364name,22222
17790713504365,17790713504365name,22222
17790713504366,17790713504366name,22222
17790713504367,17790713504367name,22222
17790713504368,17790713504368name,22222
17790713504369,17790713504369name,22222
17790713504370,17790713504370name,22222
17790713504371,17790713504371name,22222
17790713504372,17790713504372name,22222
17790713504373,17790713504373name,22222
17790713504374,17790713504374name,22222
17790713504375,17790713504375name,22222
17790713504376,17790713504376name,22222
17790713504377,17790713504377name,22222
17790713504378,17790713504378name,22222
17790713504379,17790713504379name,22222
17790713504380,17790713504380name,22222
17790713504381,17790713504381name,22222
17790713504382,17790713504382name,22222
17790713504383,17790713504383name,22222
17790713504384,17790713504384name,22222
17790713504385,17790713504385name,22222
17790713504386,17790713504386name,22222
17790713504387,17790713504387name,22222
17790713504388,17790713504388name,22222
17790713504389,17790713504389name,22222
17790713504390,17790713504390name,22222
17790713504391,17790713504391name,22222
17790713504392,17790713504392name,22222
17790713504393,17790713504393name,22222
17790713504394,17790713504394name,22222
17790713504395,17790713504395name,22222
17790713504396,17790713504396name,22222
17790713504397,17790713504397name,22222
17790713504398,17790713504398name,22222
17790713504399,17790713504399name,22222
17790713504400,17790713504400name,22222
17790713504401,17790713504401name,22222
17790713504402,17790713504402name,22222
17790713504403,17790713504403name,22222
17790713504404,17790713504404name,22222
17790713504405,17790713504405name,22222
17790713504406,17790713504406name,22222
17790713504407,17790713504407name,22222
17790713504408,17790713504408name,22222
17790713504409,17790713504409name,22222
17790713504410,17790713504410name,22222
17790713504411,17790713504411name,22222
17790713504412,17790713504412name,22222
17790713504413,17790713504413name,22222
17790713504414,17790713504414name,22222
17790713504415,17790713504415name,22222
17790713504416,17790713504416name,22222
17790713504417,17790713504417name,22222
17790713504418,17790713504418name,22222
17790713504419,17790713504419name,22222
17790713504420,17790713504420name,22222
17790713504421,17790713504421name,22222
17790713504422,17790713504422name,22222
17790713504423,17790713504423name,22222
17790713504424,17790713504424name,22222
17790713504425,17790713504425name,22222
17790713504426,17790713504426name,22222
17790713504427,17790713504427name,22222
17790713504428,17790713504428name,22222
17790713504429,17790713504429name,22222
17790713504430,17790713504430name,22222
17790713504431,17790713504431name,22222
17790713504432,17790713504432name,22222
17790713504433,17790713504433name,22222
17790713504434,17790713504434name,22222
17790713504435,17790713504435name,22222
17790713504436,17790713504436name,22222
17790713504437,17790713504437name,22222
17790713504438,17790713504438name,22222
17790713504439,17790713504439name,22222
17790713504440,17790713504440name,22222
17790713504441,17790713504441name,22222
17790713504442,17790713504442name,22222
17790713504443,17790713504443name,22222
17790713504444,17790713504444name,22222
17790713504445,17790713504445name,22222
17790713504446,17790713504446name,22222
17790713504447,17790713504447name,22222
17790713504448,17790713504448name,22222
17790713504449,17790713504449name,22222
17790713504450,17790713504450name,22222
17790713504451,17790713504451name,22222
17790713504452,17790713504452name,22222
17790713504453,17790713504453name,22222
17790713504454,17790713504454name,22222
17790713504455,17790713504455name,22222
17790713504456,17790713504456name,22222
17790713504457,17790713504457name,22222
17790713504458,17790713504458name,22222
17790713504459,17790713504459name,22222
17790713504460,17790713504460name,22222
17790713504461,17790713504461name,22222
17790713504462,17790713504462name,22222
17790713504463,17790713504463name,22222
17790713504464,17790713504464name,22222
17790713504465,17790713504465name,22222
17790713504466,17790713504466name,22222
17790713504467,17790713504467name,22222
17790713504468,17790713504468name,22222
17790713504469,17790713504469name,22222
17790713504470,17790713504470name,22222
17790713504471,17790713504471name,22222
17790713504472,17790713504472name,22222
17790713504473,17790713504473name,22222
17790713504474,17790713504474name,22222
17790713504475,17790713504475name,22222
17790713504476,17790713504476name,22222
17790713504477,17790713504477name,22222
17790713504478,17790713504478name,22222
17790713504479,17790713504479name,22222
17790713504480,17790713504480name,22222
17790713504481,17790713504481name,22222
17790713504482,17790713504482name,22222
17790713504483,17790713504483name,22222
17790713504484,17790713504484name,22222
17790713504485,17790713504485name,22222
17790713504486,17790713504486name,22222
17790713504487,17790713504487name,22222
17790713504488,17790713504488name,22222
17790713504489,17790713504489name,22222
17790713504490,17790713504490name,22222
17790713504491,17790713504491name,22222
17790713504492,17790713504492name,22222
17790713504493,17790713504493name,22222
17790713504494,17790713504494name,22222
17790713504495,17790713504495name,22222
17790713504496,17790713504496name,22222
17790713504497,17790713504497name,22222
17790713504498,17790713504498name,22222
17790713504499,17790713504499name,22222
17790713504500,17790713504500name,22222
17790713504501,17790713504501name,22222
17790713504502,17790713504502name,22222
17790713504503,17790713504503name,22222
17790713504504,17790713504504name,22222
17790713504505,17790713504505name,22222
17790713504506,17790713504506name,22222
17790713504507,17790713504507name,22222
17790713504508,17790713504508name,22222
17790713504509,17790713504509name,22222
17790713504510,17790713504510name,22222
17790713504511,17790713504511name,22222
17790713504512,17790713504512name,22222
17790713504513,17790713504513name,22222
17790713504514,17790713504514name,22222
17790713504515,17790713504515name,22222
17790713504516,17790713504516name,22222
17790713504517,17790713504517name,22222
17790713504518,17790713504518name,22222
17790713504519,17790713504519name,22222
17790713504520,17790713504520name,22222
17790713504521,17790713504521name,22222
17790713504522,17790713504522name,22222
17790713504523,17790713504523name,22222
17790713504524,17790713504524name,22222
17790713504525,17790713504525name,22222
17790713504526,17790713504526name,22222
17790713504527,17790713504527name,22222
17790713504528,17790713504528name,22222
17790713504529,17790713504529name,22222
17790713504530,17790713504530name,22222
17790713504531,17790713504531name,22222
17790713504532,17790713504532name,22222
17790713504533,17790713504533name,22222
17790713504534,17790713504534name,22222
17790713504535,17790713504535name,22222
17790713504536,17790713504536name,22222
17790713504537,17790713504537name,22222
17790713504538,17790713504538name,22222
17790713504539,17790713504539name,22222
17790713504540,17790713504540name,22222
17790713504541,17790713504541name,22222
17790713504542,17790713504542name,22222
17790713504543,17790713504543name,22222
17790713504544,17790713504544name,22222
17790713504545,17790713504545name,22222
17790713504546,17790713504546name,22222
17790713504547,17790713504547name,22222
17790713504548,17790713504548name,22222
17790713504549,17790713504549name,22222
17790713504550,17790713504550name,22222
17790713504551,17790713504551name,22222
17790713504552,17790713504552name,22222
17790713504553,17790713504553name,22222
17790713504554,17790713504554name,22222
17790713504555,17790713504555name,22222
17790713504556,17790713504556name,22222
17790713504557,17790713504557name,22222
17790713504558,17790713504558name,22222
17790713504559,17790713504559name,22222
17790713504560,17790713504560name,22222
17790713504561,17790713504561name,22222
17790713504562,17790713504562name,22222
17790713504563,17790713504563name,22222
17790713504564,17790713504564name,22222
17790713504565,17790713504565name,22222
17790713504566,17790713504566name,22222
17790713504567,17790713504567name,22222
17790713504568,17790713504568name,22222
17790713504569,17790713504569name,22222
17790713504570,17790713504570name,22222
17790713504571,17790713504571name,22222
17790713504572,17790713504572name,22222
17790713504573,17790713504573name,22222
17790713504574,17790713504574name,22222
17790713504575,17790713504575name,22222
17790713504576,17790713504576name,22222
17790713504577,17790713504577name,22222
17790713504578,17790713504578name,22222
17790713504579,17790713504579name,22222
17790713504580,17790713504580name,22222
17790713504581,17790713504581name,22222
17790713504582,17790713504582name,22222
17790713504583,17790713504583name,22222
17790713504584,17790713504584name,22222
17790713504585,17790713504585name,22222
17790713504586,17790713504586name,22222
17790713504587,17790713504587name,22222
17790713504588,17790713504588name,22222
17790713504589,17790713504589name,22222
17790713504590,17790713504590name,22222
17790713504591,17790713504591name,22222
17790713504592,17790713504592name,22222
17790713504593,17790713504593name,22222
17790713504594,17790713504594name,22222
17790713504595,17790713504595name,22222
17790713504596,17790713504596name,22222
17790713504597,17790713504597name,22222
17790713504598,17790713504598name,22222
17790713504599,17790713504599name,22222
17790713504600,17790713504600name,22222
17790713504601,17790713504601name,22222
17790713504602,17790713504602name,22222
17790713504603,17790713504603name,22222
17790713504604,17790713504604name,22222
17790713504605,17790713504605name,22222
17790713504606,17790713504606name,22222
17790713504607,17790713504607name,22222
17790713504608,17790713504608name,22222
17790713504609,17790713504609name,22222
17790713504610,17790713504610name,22222
17790713504611,17790713504611name,22222
17790713504612,17790713504612name,22222
17790713504613,17790713504613name,22222
17790713504614,17790713504614name,22222
17790713504615,17790713504615name,22222
17790713504616,17790713504616name,22222
17790713504617,17790713504617name,22222
17790713504618,17790713504618name,22222
17790713504619,17790713504619name,22222
17790713504620,17790713504620name,22222
17790713504621,17790713504621name,22222
17790713504622,17790713504622name,22222
17790713504623,17790713504623name,22222
17790713504624,17790713504624name,22222
17790713504625,17790713504625name,22222
17790713504626,17790713504626name,22222
17790713504627,17790713504627name,22222
17790713504628,17790713504628name,22222
17790713504629,17790713504629name,22222
17790713504630,17790713504630name,22222
17790713504631,17790713504631name,22222
17790713504632,17790713504632name,22222
17790713504633,17790713504633name,22222
17790713504634,17790713504634name,22222
17790713504635,17790713504635name,22222
17790713504636,17790713504636name,22222
17790713504637,17790713504637name,22222
17790713504638,17790713504638name,22222
17790713504639,17790713504639name,22222
17790713504640,17790713504640name,22222
17790713504641,17790713504641name,22222
17790713504642,17790713504642name,22222
17790713504643,17790713504643name,22222
17790713504644,17790713504644name,22222
17790713504645,17790713504645name,22222
17790713504646,17790713504646name,22222
17790713504647,17790713504647name,22222
17790713504648,17790713504648name,22222
17790713504649,17790713504649name,22222
17790713504650,17790713504650name,22222
17790713504651,17790713504651name,22222
17790713504652,17790713504652name,22222
17790713504653,17790713504653name,22222
17790713504654,17790713504654name,22222
17790713504655,17790713504655name,22222
17790713504656,17790713504656name,22222
17790713504657,17790713504657name,22222
17790713504658,17790713504658name,22222
17790713504659,17790713504659name,22222
17790713504660,17790713504660name,22222
17790713504661,17790713504661name,22222
17790713504662,17790713504662name,22222
17790713504663,17790713504663name,22222
17790713504664,17790713504664name,22222
17790713504665,17790713504665name,22222
17790713504666,17790713504666name,22222
17790713504667,17790713504667name,22222
17790713504668,17790713504668name,22222
17790713504669,17790713504669name,22222
17790713504670,17790713504670name,22222
17790713504671,17790713504671name,22222
17790713504672,17790713504672name,22222
17790713504673,17790713504673name,22222
17790713504674,17790713504674name,22222
17790713504675,17790713504675name,22222
17790713504676,17790713504676name,22222
17790713504677,17790713504677name,22222
17790713504678,17790713504678name,22222
17790713504679,17790713504679name,22222
17790713504680,17790713504680name,22222
17790713504681,17790713504681name,22222
17790713504682,17790713504682name,22222
17790713504683,17790713504683name,22222
17790713504684,17790713504684name,22222
17790713504685,17790713504685name,22222
17790713504686,17790713504686name,22222
17790713504687,17790713504687name,22222
17790713504688,17790713504688name,22222
17790713504689,17790713504689name,22222
17790713504690,17790713504690name,22222
17790713504691,17790713504691name,22222
17790713504692,17790713504692name,22222
17790713504693,17790713504693name,22222
17790713504694,17790713504694name,22222
17790713504695,17790713504695name,22222
17790713504696,17790713504696name,22222
17790713504697,17790713504697name,22222
17790713504698,17790713504698name,22222
17790713504699,17790713504699name,22222
17790713504700,17790713504700name,22222
17790713504701,17790713504701name,22222
17790713504702,17790713504702name,22222
17790713504703,17790713504703name,22222
17790713504704,17790713504704name,22222
17790713504705,17790713504705name,22222
17790713504706,17790713504706name,22222
17790713504707,17790713504707name,22222
17790713504708,17790713504708name,22222
17790713504709,17790713504709name,22222
17790713504710,17790713504710name,22222
17790713504711,17790713504711name,22222
17790713504712,17790713504712name,22222
17790713504713,17790713504713name,22222
17790713504714,17790713504714name,22222
17790713504715,17790713504715name,22222
17790713504716,17790713504716name,22222
17790713504717,17790713504717name,22222
17790713504718,17790713504718name,22222
17790713504719,17790713504719name,22222
17790713504720,17790713504720name,22222
17790713504721,17790713504721name,22222
17790713504722,17790713504722name,22222
17790713504723,17790713504723name,22222
17790713504724,17790713504724name,22222
17790713504725,17790713504725name,22222
17790713504726,17790713504726name,22222
17790713504727,17790713504727name,22222
17790713504728,17790713504728name,22222
17790713504729,17790713504729name,22222
17790713504730,17790713504730name,22222
17790713504731,17790713504731name,22222
17790713504732,17790713504732name,22222
17790713504733,17790713504733name,22222
17790713504734,17790713504734name,22222
17790713504735,17790713504735name,22222
17790713504736,17790713504736name,22222
17790713504737,17790713504737name,22222
17790713504738,17790713504738name,22222
17790713504739,17790713504739name,22222
17790713504740,17790713504740name,22222
17790713504741,17790713504741name,22222
17790713504742,17790713504742name,22222
17790713504743,17790713504743name,22222
17790713504744,17790713504744name,22222
17790713504745,17790713504745name,22222
17790713504746,17790713504746name,22222
17790713504747,17790713504747name,22222
17790713504748,17790713504748name,22222
17790713504749,17790713504749name,22222
17790713504750,17790713504750name,22222
17790713504751,17790713504751name,22222
17790713504752,17790713504752name,22222
17790713504753,17790713504753name,22222
17790713504754,17790713504754name,22222
17790713504755,17790713504755name,22222
17790713504756,17790713504756name,22222
17790713504757,17790713504757name,22222
17790713504758,17790713504758name,22222
17790713504759,17790713504759name,22222
17790713504760,17790713504760name,22222
17790713504761,17790713504761name,22222
17790713504762,17790713504762name,22222
17790713504763,17790713504763name,22222
17790713504764,17790713504764name,22222
17790713504765,17790713504765name,22222
17790713504766,17790713504766name,22222
17790713504767,17790713504767name,22222
17790713504768,17790713504768name,22222
17790713504769,17790713504769name,22222
17790713504770,17790713504770name,22222
17790713504771,17790713504771name,22222
17790713504772,17790713504772name,22222
17790713504773,17790713504773name,22222
17790713504774,17790713504774name,22222
17790713504775,17790713504775name,22222
17790713504776,17790713504776name,22222
17790713504777,17790713504777name,22222
17790713504778,17790713504778name,22222
17790713504779,17790713504779name,22222
17790713504780,17790713504780name,22222
17790713504781,17790713504781name,22222
17790713504782,17790713504782name,22222
17790713504783,17790713504783name,22222
17790713504784,17790713504784name,22222
17790713504785,17790713504785name,22222
17790713504786,17790713504786name,22222
17790713504787,17790713504787name,22222
17790713504788,17790713504788name,22222
17790713504789,17790713504789name,22222
17790713504790,17790713504790name,22222
17790713504791,17790713504791name,22222
17790713504792,17790713504792name,22222
17790713504793,17790713504793name,22222
17790713504794,17790713504794name,22222
17790713504795,17790713504795name,22222
17790713504796,17790713504796name,22222
17790713504797,17790713504797name,22222
17790713504798,17790713504798name,22222
17790713504799,17790713504799name,22222
17790713504800,17790713504800name,22222
17790713504801,17790713504801name,22222
17790713504802,17790713504802name,22222
17790713504803,17790713504803name,22222
17790713504804,17790713504804name,22222
17790713504805,17790713504805name,22222
17790713504806,17790713504806name,22222
17790713504807,17790713504807name,22222
17790713504808,17790713504808name,22222
17790713504809,17790713504809name,22222
17790713504810,17790713504810name,22222
17790713504811,17790713504811name,22222
17790713504812,17790713504812name,22222
17790713504813,17790713504813name,22222
17790713504814,17790713504814name,22222
17790713504815,17790713504815name,22222
17790713504816,17790713504816name,22222
17790713504817,17790713504817name,22222
17790713504818,17790713504818name,22222
17790713504819,17790713504819name,22222
17790713504820,17790713504820name,22222
17790713504821,17790713504821name,22222
17790713504822,17790713504822name,22222
17790713504823,17790713504823name,22222
17790713504824,17790713504824name,22222
17790713504825,17790713504825name,22222
17790713504826,17790713504826name,22222
17790713504827,17790713504827name,22222
17790713504828,17790713504828name,22222
17790713504829,17790713504829name,22222
17790713504830,17790713504830name,22222
17790713504831,17790713504831name,22222
17790713504832,17790713504832name,22222
17790713504833,17790713504833name,22222
17790713504834,17790713504834name,22222
17790713504835,17790713504835name,22222
17790713504836,17790713504836name,22222
17790713504837,17790713504837name,22222
17790713504838,17790713504838name,22222
17790713504839,17790713504839name,22222
17790713504840,17790713504840name,22222
17790713504841,17790713504841name,22222
17790713504842,17790713504842name,22222
17790713504843,17790713504843name,22222
17790713504844,17790713504844name,22222
17790713504845,17790713504845name,22222
17790713504846,17790713504846name,22222
17790713504847,17790713504847name,22222
17790713504848,17790713504848name,22222
17790713504849,17790713504849name,22222
17790713504850,17790713504850name,22222
17790713504851,17790713504851name,22222
17790713504852,17790713504852name,22222
17790713504853,17790713504853name,22222
17790713504854,17790713504854name,22222
17790713504855,17790713504855name,22222
17790713504856,17790713504856name,22222
17790713504857,17790713504857name,22222
17790713504858,17790713504858name,22222
17790713504859,17790713504859name,22222
17790713504860,17790713504860name,22222
17790713504861,17790713504861name,22222
17790713504862,17790713504862name,22222
17790713504863,17790713504863name,22222
17790713504864,17790713504864name,22222
17790713504865,17790713504865name,22222
17790713504866,17790713504866name,22222
17790713504867,17790713504867name,22222
17790713504868,17790713504868name,22222
17790713504869,17790713504869name,22222
17790713504870,17790713504870name,22222
17790713504871,17790713504871name,22222
17790713504872,17790713504872name,22222
17790713504873,17790713504873name,22222
17790713504874,17790713504874name,22222
17790713504875,17790713504875name,22222
17790713504876,17790713504876name,22222
17790713504877,17790713504877name,22222
17790713504878,17790713504878name,22222
17790713504879,17790713504879name,22222
17790713504880,17790713504880name,22222
17790713504881,17790713504881name,22222
17790713504882,17790713504882name,22222
17790713504883,17790713504883name,22222
17790713504884,17790713504884name,22222
17790713504885,17790713504885name,22222
17790713504886,17790713504886name,22222
17790713504887,17790713504887name,22222
17790713504888,17790713504888name,22222
17790713504889,17790713504889name,22222
17790713504890,17790713504890name,22222
17790713504891,17790713504891name,22222
17790713504892,17790713504892name,22222
17790713504893,17790713504893name,22222
17790713504894,17790713504894name,22222
17790713504895,17790713504895name,22222
17790713504896,17790713504896name,22222
17790713504897,17790713504897name,22222
17790713504898,17790713504898name,22222
17790713504899,17790713504899name,22222
17790713504900,17790713504900name,22222
17790713504901,17790713504901name,22222
17790713504902,17790713504902name,22222
17790713504903,17790713504903name,22222
17790713504904,17790713504904name,22222
17790713504905,17790713504905name,22222
17790713504906,17790713504906name,22222
17790713504907,17790713504907name,22222
17790713504908,17790713504908name,22222
17790713504909,17790713504909name,22222
17790713504910,17790713504910name,22222
17790713504911,17790713504911name,22222
17790713504912,17790713504912name,22222
17790713504913,17790713504913name,22222
17790713504914,17790713504914name,22222
17790713504915,17790713504915name,22222
17790713504916,17790713504916name,22222
17790713504917,17790713504917name,22222
17790713504918,17790713504918name,22222
17790713504919,17790713504919name,22222
17790713504920,17790713504920name,22222
17790713504921,17790713504921name,22222
17790713504922,17790713504922name,22222
17790713504923,17790713504923name,22222
17790713504924,17790713504924name,22222
17790713504925,17790713504925name,22222
17790713504926,17790713504926name,22222
17790713504927,17790713504927name,22222
17790713504928,17790713504928name,22222
17790713504929,17790713504929name,22222
17790713504930,17790713504930name,22222
17790713504931,17790713504931name,22222
17790713504932,17790713504932name,22222
17790713504933,17790713504933name,22222
17790713504934,17790713504934name,22222
17790713504935,17790713504935name,22222
17790713504936,17790713504936name,22222
17790713504937,17790713504937name,22222
17790713504938,17790713504938name,22222
17790713504939,17790713504939name,22222
17790713504940,17790713504940name,22222
17790713504941,17790713504941name,22222
17790713504942,17790713504942name,22222
17790713504943,17790713504943name,22222
17790713504944,17790713504944name,22222
17790713504945,17790713504945name,22222
17790713504946,17790713504946name,22222
17790713504947,17790713504947name,22222
17790713504948,17790713504948name,22222
17790713504949,17790713504949name,22222
17790713504950,17790713504950name,22222
17790713504951,17790713504951name,22222
17790713504952,17790713504952name,22222
17790713504953,17790713504953name,22222
17790713504954,17790713504954name,22222
17790713504955,17790713504955name,22222
17790713504956,17790713504956name,22222
17790713504957,17790713504957name,22222
17790713504958,17790713504958name,22222
17790713504959,17790713504959name,22222
17790713504960,17790713504960name,22222
17790713504961,17790713504961name,22222
17790713504962,17790713504962name,22222
17790713504963,17790713504963name,22222
17790713504964,17790713504964name,22222
17790713504965,17790713504965name,22222
17790713504966,17790713504966name,22222
17790713504967,17790713504967name,22222
17790713504968,17790713504968name,22222
17790713504969,17790713504969name,22222
17790713504970,17790713504970name,22222
17790713504971,17790713504971name,22222
17790713504972,17790713504972name,22222
17790713504973,17790713504973name,22222
17790713504974,17790713504974name,22222
17790713504975,17790713504975name,22222
17790713504976,17790713504976name,22222
17790713504977,17790713504977name,22222
17790713504978,17790713504978name,22222
17790713504979,17790713504979name,22222
17790713504980,17790713504980name,22222
17790713504981,17790713504981name,22222
17790713504982,17790713504982name,22222
17790713504983,17790713504983name,22222
17790713504984,17790713504984name,22222
17790713504985,17790713504985name,22222
17790713504986,17790713504986name,22222
17790713504987,17790713504987name,22222
17790713504988,17790713504988name,22222
17790713504989,17790713504989name,22222
17790713504990,17790713504990name,22222
17790713504991,17790713504991name,22222
17790713504992,17790713504992name,22222
17790713504993,17790713504993name,22222
17790713504994,17790713504994name,22222
17790713504995,17790713504995name,22222
17790713504996,17790713504996name,22222
17790713504997,17790713504997name,22222
17790713504998,17790713504998name,22222
17790713504999,17790713504999name,22222
17790713505000,17790713505000name,22222
17790713505001,17790713505001name,22222
17790713505002,17790713505002name,22222
17790713505003,17790713505003name,22222
17790713505004,17790713505004name,22222
17790713505005,17790713505005name,22222
17790713505006,17790713505006name,22222
17790713505007,17790713505007name,22222
17790713505008,17790713505008name,22222
17790713505009,17790713505009name,22222
17790713505010,17790713505010name,22222
17790713505011,17790713505011name,22222
17790713505012,17790713505012name,22222
17790713505013,17790713505013name,22222
17790713505014,17790713505014name,22222
17790713505015,17790713505015name,22222
17790713505016,17790713505016name,22222
17790713505017,17790713505017name,22222
17790713505018,17790713505018name,22222
17790713505019,17790713505019name,22222
17790713505020,17790713505020name,22222
17790713505021,17790713505021name,22222
17790713505022,17790713505022name,22222
17790713505023,17790713505023name,22222
17790713505024,17790713505024name,22222
17790713505025,17790713505025name,22222
17790713505026,17790713505026name,22222
17790713505027,17790713505027name,22222
17790713505028,17790713505028name,22222
17790713505029,17790713505029name,22222
17790713505030,17790713505030name,22222
17790713505031,17790713505031name,22222
17790713505032,17790713505032name,22222
17790713505033,17790713505033name,22222
17790713505034,17790713505034name,22222
17790713505035,17790713505035name,22222
17790713505036,17790713505036name,22222
17790713505037,17790713505037name,22222
17790713505038,17790713505038name,22222
17790713505039,17790713505039name,22222
17790713505040,17790713505040name,22222
17790713505041,17790713505041name,22222
17790713505042,17790713505042name,22222
17790713505043,17790713505043name,22222
17790713505044,17790713505044name,22222
17790713505045,17790713505045name,22222
17790713505046,17790713505046name,22222
17790713505047,17790713505047name,22222
17790713505048,17790713505048name,22222
17790713505049,17790713505049name,22222
17790713505050,17790713505050name,22222
17790713505051,17790713505051name,22222
17790713505052,17790713505052name,22222
17790713505053,17790713505053name,22222
17790713505054,17790713505054name,22222
17790713505055,17790713505055name,22222
17790713505056,17790713505056name,22222
17790713505057,17790713505057name,22222
17790713505058,17790713505058name,22222
17790713505059,17790713505059name,22222
17790713505060,17790713505060name,22222
17790713505061,17790713505061name,22222
17790713505062,17790713505062name,22222
17790713505063,17790713505063name,22222
17790713505064,17790713505064name,22222
17790713505065,17790713505065name,22222
17790713505066,17790713505066name,22222
17790713505067,17790713505067name,22222
17790713505068,17790713505068name,22222
17790713505069,17790713505069name,22222
17790713505070,17790713505070name,22222
17790713505071,17790713505071name,22222
17790713505072,17790713505072name,22222
17790713505073,17790713505073name,22222
17790713505074,17790713505074name,22222
17790713505075,17790713505075name,22222
17790713505076,17790713505076name,22222
17790713505077,17790713505077name,22222
17790713505078,17790713505078name,22222
17790713505079,17790713505079name,22222
17790713505080,17790713505080name,22222
17790713505081,17790713505081name,22222
17790713505082,17790713505082name,22222
17790713505083,17790713505083name,22222
17790713505084,17790713505084name,22222
17790713505085,17790713505085name,22222
17790713505086,17790713505086name,22222
17790713505087,17790713505087name,22222
17790713505088,17790713505088name,22222
17790713505089,17790713505089name,22222
17790713505090,17790713505090name,22222
17790713505091,17790713505091name,22222
17790713505092,17790713505092name,22222
17790713505093,17790713505093name,22222
17790713505094,17790713505094name,22222
17790713505095,17790713505095name,22222
17790713505096,17790713505096name,22222
17790713505097,17790713505097name,22222
17790713505098,17790713505098name,22222
17790713505099,17790713505099name,22222
17790713505100,17790713505100name,22222
17790713505101,17790713505101name,22222
17790713505102,17790713505102name,22222
17790713505103,17790713505103name,22222
17790713505104,17790713505104name,22222
17790713505105,17790713505105name,22222
17790713505106,17790713505106name,22222
17790713505107,17790713505107name,22222
17790713505108,17790713505108name,22222
17790713505109,17790713505109name,22222
17790713505110,17790713505110name,22222
17790713505111,17790713505111name,22222
17790713505112,17790713505112name,22222
17790713505113,17790713505113name,22222
17790713505114,17790713505114name,22222
17790713505115,17790713505115name,22222
17790713505116,17790713505116name,22222
17790713505117,17790713505117name,22222
17790713505118,17790713505118name,22222
17790713505119,17790713505119name,22222
17790713505120,17790713505120name,22222
17790713505121,17790713505121name,22222
17790713505122,17790713505122name,22222
17790713505123,17790713505123name,22222
17790713505124,17790713505124name,22222
17790713505125,17790713505125name,22222
17790713505126,17790713505126name,22222
17790713505127,17790713505127name,22222
17790713505128,17790713505128name,22222
17790713505129,17790713505129name,22222
17790713505130,17790713505130name,22222
17790713505131,17790713505131name,22222
17790713505132,17790713505132name,22222
17790713505133,17790713505133name,22222
17790713505134,17790713505134name,22222
17790713505135,17790713505135name,22222
17790713505136,17790713505136name,22222
17790713505137,17790713505137name,22222
17790713505138,17790713505138name,22222
17790713505139,17790713505139name,22222
17790713505140,17790713505140name,22222
17790713505141,17790713505141name,22222
17790713505142,17790713505142name,22222
17790713505143,17790713505143name,22222
17790713505144,17790713505144name,22222
17790713505145,17790713505145name,22222
17790713505146,17790713505146name,22222
17790713505147,17790713505147name,22222
17790713505148,17790713505148name,22222
17790713505149,17790713505149name,22222
17790713505150,17790713505150name,22222
17790713505151,17790713505151name,22222
17790713505152,17790713505152name,22222
17790713505153,17790713505153name,22222
17790713505154,17790713505154name,22222
17790713505155,17790713505155name,22222
17790713505156,17790713505156name,22222
17790713505157,17790713505157name,22222
17790713505158,17790713505158name,22222
17790713505159,17790713505159name,22222
17790713505160,17790713505160name,22222
17790713505161,17790713505161name,22222
17790713505162,17790713505162name,22222
17790713505163,17790713505163name,22222
17790713505164,17790713505164name,22222
17790713505165,17790713505165name,22222
17790713505166,17790713505166name,22222
17790713505167,17790713505167name,22222
17790713505168,17790713505168name,22222
17790713505169,17790713505169name,22222
17790713505170,17790713505170name,22222
17790713505171,17790713505171name,22222
17790713505172,17790713505172name,22222
17790713505173,17790713505173name,22222
17790713505174,17790713505174name,22222
17790713505175,17790713505175name,22222
17790713505176,17790713505176name,22222
17790713505177,17790713505177name,22222
17790713505178,17790713505178name,22222
17790713505179,17790713505179name,22222
17790713505180,17790713505180name,22222
17790713505181,17790713505181name,22222
17790713505182,17790713505182name,22222
17790713505183,17790713505183name,22222
17790713505184,17790713505184name,22222
17790713505185,17790713505185name,22222
17790713505186,17790713505186name,22222
17790713505187,17790713505187name,22222
17790713505188,17790713505188name,22222
17790713505189,17790713505189name,22222
17790713505190,17790713505190name,22222
17790713505191,17790713505191name,22222
17790713505192,17790713505192name,22222
17790713505193,17790713505193name,22222
17790713505194,17790713505194name,22222
17790713505195,17790713505195name,22222
17790713505196,17790713505196name,22222
17790713505197,17790713505197name,22222
17790713505198,17790713505198name,22222
17790713505199,17790713505199name,22222
17790713505200,17790713505200name,22222
17790713505201,17790713505201name,22222
17790713505202,17790713505202name,22222
17790713505203,17790713505203name,22222
17790713505204,17790713505204name,22222
17790713505205,17790713505205name,22222
17790713505206,17790713505206name,22222
17790713505207,17790713505207name,22222
17790713505208,17790713505208name,22222
17790713505209,17790713505209name,22222
17790713505210,17790713505210name,22222
17790713505211,17790713505211name,22222
17790713505212,17790713505212name,22222
17790713505213,17790713505213name,22222
17790713505214,17790713505214name,22222
17790713505215,17790713505215name,22222
17790713505216,17790713505216name,22222
17790713505217,17790713505217name,22222
17790713505218,17790713505218name,22222
17790713505219,17790713505219name,22222
17790713505220,17790713505220name,22222
17790713505221,17790713505221name,22222
17790713505222,17790713505222name,22222
17790713505223,17790713505223name,22222
17790713505224,17790713505224name,22222
17790713505225,17790713505225name,22222
17790713505226,17790713505226name,22222
17790713505227,17790713505227name,22222
17790713505228,17790713505228name,22222
17790713505229,17790713505229name,22222
17790713505230,17790713505230name,22222
17790713505231,17790713505231name,22222
17790713505232,17790713505232name,22222
17790713505233,17790713505233name,22222
17790713505234,17790713505234name,22222
17790713505235,17790713505235name,22222
17790713505236,17790713505236name,22222
17790713505237,17790713505237name,22222
17790713505238,17790713505238name,22222
17790713505239,17790713505239name,22222
17790713505240,17790713505240name,22222
17790713505241,17790713505241name,22222
17790713505242,17790713505242name,22222
17790713505243,17790713505243name,22222
17790713505244,17790713505244name,22222
17790713505245,17790713505245name,22222
17790713505246,17790713505246name,22222
17790713505247,17790713505247name,22222
17790713505248,17790713505248name,22222
17790713505249,17790713505249name,22222
17790713505250,17790713505250name,22222
17790713505251,17790713505251name,22222
17790713505252,17790713505252name,22222
17790713505253,17790713505253name,22222
17790713505254,17790713505254name,22222
17790713505255,17790713505255name,22222
17790713505256,17790713505256name,22222
17790713505257,17790713505257name,22222
17790713505258,17790713505258name,22222
17790713505259,17790713505259name,22222
17790713505260,17790713505260name,22222
17790713505261,17790713505261name,22222
17790713505262,17790713505262name,22222
17790713505263,17790713505263name,22222
17790713505264,17790713505264name,22222
17790713505265,17790713505265name,22222
17790713505266,17790713505266name,22222
17790713505267,17790713505267name,22222
17790713505268,17790713505268name,22222
17790713505269,17790713505269name,22222
17790713505270,17790713505270name,22222
17790713505271,17790713505271name,22222
17790713505272,17790713505272name,22222
17790713505273,17790713505273name,22222
17790713505274,17790713505274name,22222
17790713505275,17790713505275name,22222
17790713505276,17790713505276name,22222
17790713505277,17790713505277name,22222
17790713505278,17790713505278name,22222
17790713505279,17790713505279name,22222
17790713505280,17790713505280name,22222
17790713505281,17790713505281name,22222
17790713505282,17790713505282name,22222
17790713505283,17790713505283name,22222
17790713505284,17790713505284name,22222
17790713505285,17790713505285name,22222
17790713505286,17790713505286name,22222
17790713505287,17790713505287name,22222
17790713505288,17790713505288name,22222
17790713505289,17790713505289name,22222
17790713505290,17790713505290name,22222
17790713505291,17790713505291name,22222
17790713505292,17790713505292name,22222
17790713505293,17790713505293name,22222
17790713505294,17790713505294name,22222
17790713505295,17790713505295name,22222
17790713505296,17790713505296name,22222
17790713505297,17790713505297name,22222
17790713505298,17790713505298name,22222
17790713505299,17790713505299name,22222
17790713505300,17790713505300name,22222
17790713505301,17790713505301name,22222
17790713505302,17790713505302name,22222
17790713505303,17790713505303name,22222
17790713505304,17790713505304name,22222
17790713505305,17790713505305name,22222
17790713505306,17790713505306name,22222
17790713505307,17790713505307name,22222
17790713505308,17790713505308name,22222
17790713505309,17790713505309name,22222
17790713505310,17790713505310name,22222
17790713505311,17790713505311name,22222
17790713505312,17790713505312name,22222
17790713505313,17790713505313name,22222
17790713505314,17790713505314name,22222
17790713505315,17790713505315name,22222
17790713505316,17790713505316name,22222
17790713505317,17790713505317name,22222
17790713505318,17790713505318name,22222
17790713505319,17790713505319name,22222
17790713505320,17790713505320name,22222
17790713505321,17790713505321name,22222
17790713505322,17790713505322name,22222
17790713505323,17790713505323name,22222
17790713505324,17790713505324name,22222
17790713505325,17790713505325name,22222
17790713505326,17790713505326name,22222
17790713505327,17790713505327name,22222
17790713505328,17790713505328name,22222
17790713505329,17790713505329name,22222
17790713505330,17790713505330name,22222
17790713505331,17790713505331name,22222
17790713505332,17790713505332name,22222
17790713505333,17790713505333name,22222
17790713505334,17790713505334name,22222
17790713505335,17790713505335name,22222
17790713505336,17790713505336name,22222
17790713505337,17790713505337name,22222
17790713505338,17790713505338name,22222
17790713505339,17790713505339name,22222
17790713505340,17790713505340name,22222
17790713505341,17790713505341name,22222
17790713505342,17790713505342name,22222
17790713505343,17790713505343name,22222
17790713505344,17790713505344name,22222
17790713505345,17790713505345name,22222
17790713505346,17790713505346name,22222
17790713505347,17790713505347name,22222
17790713505348,17790713505348name,22222
17790713505349,17790713505349name,22222
17790713505350,17790713505350name,22222
17790713505351,17790713505351name,22222
17790713505352,17790713505352name,22222
17790713505353,17790713505353name,22222
17790713505354,17790713505354name,22222
17790713505355,17790713505355name,22222
17790713505356,17790713505356name,22222
17790713505357,17790713505357name,22222
17790713505358,17790713505358name,22222
17790713505359,17790713505359name,22222
17790713505360,17790713505360name,22222
17790713505361,17790713505361name,22222
17790713505362,17790713505362name,22222
17790713505363,17790713505363name,22222
17790713505364,17790713505364name,22222
17790713505365,17790713505365name,22222
17790713505366,17790713505366name,22222
17790713505367,17790713505367name,22222
17790713505368,17790713505368name,22222
17790713505369,17790713505369name,22222
17790713505370,17790713505370name,22222
17790713505371,17790713505371name,22222
17790713505372,17790713505372name,22222
17790713505373,17790713505373name,22222
17790713505374,17790713505374name,22222
17790713505375,17790713505375name,22222
17790713505376,17790713505376name,22222
17790713505377,17790713505377name,22222
17790713505378,17790713505378name,22222
17790713505379,17790713505379name,22222
17790713505380,17790713505380name,22222
17790713505381,17790713505381name,22222
17790713505382,17790713505382name,22222
17790713505383,17790713505383name,22222
17790713505384,17790713505384name,22222
17790713505385,17790713505385name,22222
17790713505386,17790713505386name,22222
17790713505387,17790713505387name,22222
17790713505388,17790713505388name,22222
17790713505389,17790713505389name,22222
17790713505390,17790713505390name,22222
17790713505391,17790713505391name,22222
17790713505392,17790713505392name,22222
17790713505393,17790713505393name,22222
17790713505394,17790713505394name,22222
17790713505395,17790713505395name,22222
17790713505396,17790713505396name,22222
17790713505397,17790713505397name,22222
17790713505398,17790713505398name,22222
17790713505399,17790713505399name,22222
17790713505400,17790713505400name,22222
17790713505401,17790713505401name,22222
17790713505402,17790713505402name,22222
17790713505403,17790713505403name,22222
17790713505404,17790713505404name,22222
17790713505405,17790713505405name,22222
17790713505406,17790713505406name,22222
17790713505407,17790713505407name,22222
17790713505408,17790713505408name,22222
17790713505409,17790713505409name,22222
17790713505410,17790713505410name,22222
17790713505411,17790713505411name,22222
17790713505412,17790713505412name,22222
17790713505413,17790713505413name,22222
17790713505414,17790713505414name,22222
17790713505415,17790713505415name,22222
17790713505416,17790713505416name,22222
17790713505417,17790713505417name,22222
17790713505418,17790713505418name,22222
17790713505419,17790713505419name,22222
17790713505420,17790713505420name,22222
17790713505421,17790713505421name,22222
17790713505422,17790713505422name,22222
17790713505423,17790713505423name,22222
17790713505424,17790713505424name,22222
17790713505425,17790713505425name,22222
17790713505426,17790713505426name,22222
17790713505427,17790713505427name,22222
17790713505428,17790713505428name,22222
17790713505429,17790713505429name,22222
17790713505430,17790713505430name,22222
17790713505431,17790713505431name,22222
17790713505432,17790713505432name,22222
17790713505433,17790713505433name,22222
17790713505434,17790713505434name,22222
17790713505435,17790713505435name,22222
17790713505436,17790713505436name,22222
17790713505437,17790713505437name,22222
17790713505438,17790713505438name,22222
17790713505439,17790713505439name,22222
17790713505440,17790713505440name,22222
17790713505441,17790713505441name,22222
17790713505442,17790713505442name,22222
17790713505443,17790713505443name,22222
17790713505444,17790713505444name,22222
17790713505445,17790713505445name,22222
17790713505446,17790713505446name,22222
17790713505447,17790713505447name,22222
17790713505448,17790713505448name,22222
17790713505449,17790713505449name,22222
17790713505450,17790713505450name,22222
17790713505451,17790713505451name,22222
17790713505452,17790713505452name,22222
17790713505453,17790713505453name,22222
17790713505454,17790713505454name,22222
17790713505455,17790713505455name,22222
17790713505456,17790713505456name,22222
17790713505457,17790713505457name,22222
17790713505458,17790713505458name,22222
17790713505459,17790713505459name,22222
17790713505460,17790713505460name,22222
17790713505461,17790713505461name,22222
17790713505462,17790713505462name,22222
17790713505463,17790713505463name,22222
17790713505464,17790713505464name,22222
17790713505465,17790713505465name,22222
17790713505466,17790713505466name,22222
17790713505467,17790713505467name,22222
17790713505468,17790713505468name,22222
17790713505469,17790713505469name,22222
17790713505470,17790713505470name,22222
17790713505471,17790713505471name,22222
17790713505472,17790713505472name,22222
17790713505473,17790713505473name,22222
17790713505474,17790713505474name,22222
17790713505475,17790713505475name,22222
17790713505476,17790713505476name,22222
17790713505477,17790713505477name,22222
17790713505478,17790713505478name,22222
17790713505479,17790713505479name,22222
17790713505480,17790713505480name,22222
17790713505481,17790713505481name,22222
17790713505482,17790713505482name,22222
17790713505483,17790713505483name,22222
17790713505484,17790713505484name,22222
17790713505485,17790713505485name,22222
17790713505486,17790713505486name,22222
17790713505487,17790713505487name,22222
17790713505488,17790713505488name,22222
17790713505489,17790713505489name,22222
17790713505490,17790713505490name,22222
17790713505491,17790713505491name,22222
17790713505492,17790713505492name,22222
17790713505493,17790713505493name,22222
17790713505494,17790713505494name,22222
17790713505495,17790713505495name,22222
17790713505496,17790713505496name,22222
17790713505497,17790713505497name,22222
17790713505498,17790713505498name,22222
17790713505499,17790713505499name,22222
17790713505500,17790713505500name,22222
17790713505501,17790713505501name,22222
17790713505502,17790713505502name,22222
17790713505503,17790713505503name,22222
17790713505504,17790713505504name,22222
17790713505505,17790713505505name,22222
17790713505506,17790713505506name,22222
17790713505507,17790713505507name,22222
17790713505508,17790713505508name,22222
17790713505509,17790713505509name,22222
17790713505510,17790713505510name,22222
17790713505511,17790713505511name,22222
17790713505512,17790713505512name,22222
17790713505513,17790713505513name,22222
17790713505514,17790713505514name,22222
17790713505515,17790713505515name,22222
17790713505516,17790713505516name,22222
17790713505517,17790713505517name,22222
17790713505518,17790713505518name,22222
17790713505519,17790713505519name,22222
17790713505520,17790713505520name,22222
17790713505521,17790713505521name,22222
17790713505522,17790713505522name,22222
17790713505523,17790713505523name,22222
17790713505524,17790713505524name,22222
17790713505525,17790713505525name,22222
17790713505526,17790713505526name,22222
17790713505527,17790713505527name,22222
17790713505528,17790713505528name,22222
17790713505529,17790713505529name,22222
17790713505530,17790713505530name,22222
17790713505531,17790713505531name,22222
17790713505532,17790713505532name,22222
17790713505533,17790713505533name,22222
17790713505534,17790713505534name,22222
17790713505535,17790713505535name,22222
17790713505536,17790713505536name,22222
17790713505537,17790713505537name,22222
17790713505538,17790713505538name,22222
17790713505539,17790713505539name,22222
17790713505540,17790713505540name,22222
17790713505541,17790713505541name,22222
17790713505542,17790713505542name,22222
17790713505543,17790713505543name,22222
17790713505544,17790713505544name,22222
17790713505545,17790713505545name,22222
17790713505546,17790713505546name,22222
17790713505547,17790713505547name,22222
17790713505548,17790713505548name,22222
17790713505549,17790713505549name,22222
17790713505550,17790713505550name,22222
17790713505551,17790713505551name,22222
17790713505552,17790713505552name,22222
17790713505553,17790713505553name,22222
17790713505554,17790713505554name,22222
17790713505555,17790713505555name,22222
17790713505556,17790713505556name,22222
17790713505557,17790713505557name,22222
17790713505558,17790713505558name,22222
17790713505559,17790713505559name,22222
17790713505560,17790713505560name,22222
17790713505561,17790713505561name,22222
17790713505562,17790713505562name,22222
17790713505563,17790713505563name,22222
17790713505564,17790713505564name,22222
17790713505565,17790713505565name,22222
17790713505566,17790713505566name,22222
17790713505567,17790713505567name,22222
17790713505568,17790713505568name,22222
17790713505569,17790713505569name,22222
17790713505570,17790713505570name,22222
17790713505571,17790713505571name,22222
17790713505572,17790713505572name,22222
17790713505573,17790713505573name,22222
17790713505574,17790713505574name,22222
17790713505575,17790713505575name,22222
17790713505576,17790713505576name,22222
17790713505577,17790713505577name,22222
17790713505578,17790713505578name,22222
17790713505579,17790713505579name,22222
17790713505580,17790713505580name,22222
17790713505581,17790713505581name,22222
17790713505582,17790713505582name,22222
17790713505583,17790713505583name,22222
17790713505584,17790713505584name,22222
17790713505585,17790713505585name,22222
17790713505586,17790713505586name,22222
17790713505587,17790713505587name,22222
17790713505588,17790713505588name,22222
17790713505589,17790713505589name,22222
17790713505590,17790713505590name,22222
17790713505591,17790713505591name,22222
17790713505592,17790713505592name,22222
17790713505593,17790713505593name,22222
17790713505594,17790713505594name,22222
17790713505595,17790713505595name,22222
17790713505596,17790713505596name,22222
17790713505597,17790713505597name,22222
17790713505598,17790713505598name,22222
17790713505599,17790713505599name,22222
17790713505600,17790713505600name,22222
17790713505601,17790713505601name,22222
17790713505602,17790713505602name,22222
17790713505603,17790713505603name,22222
17790713505604,17790713505604name,22222
17790713505605,17790713505605name,22222
17790713505606,17790713505606name,22222
17790713505607,17790713505607name,22222
17790713505608,17790713505608name,22222
17790713505609,17790713505609name,22222
17790713505610,17790713505610name,22222
17790713505611,17790713505611name,22222
17790713505612,17790713505612name,22222
17790713505613,17790713505613name,22222
17790713505614,17790713505614name,22222
17790713505615,17790713505615name,22222
17790713505616,17790713505616name,22222
17790713505617,17790713505617name,22222
17790713505618,17790713505618name,22222
17790713505619,17790713505619name,22222
17790713505620,17790713505620name,22222
17790713505621,17790713505621name,22222
17790713505622,17790713505622name,22222
17790713505623,17790713505623name,22222
17790713505624,17790713505624name,22222
17790713505625,17790713505625name,22222
17790713505626,17790713505626name,22222
17790713505627,17790713505627name,22222
17790713505628,17790713505628name,22222
17790713505629,17790713505629name,22222
17790713505630,17790713505630name,22222
17790713505631,17790713505631name,22222
17790713505632,17790713505632name,22222
17790713505633,17790713505633name,22222
17790713505634,17790713505634name,22222
17790713505635,17790713505635name,22222
17790713505636,17790713505636name,22222
17790713505637,17790713505637name,22222
17790713505638,17790713505638name,22222
17790713505639,17790713505639name,22222
17790713505640,17790713505640name,22222
17790713505641,17790713505641name,22222
17790713505642,17790713505642name,22222
17790713505643,17790713505643name,22222
17790713505644,17790713505644name,22222
17790713505645,17790713505645name,22222
17790713505646,17790713505646name,22222
17790713505647,17790713505647name,22222
17790713505648,17790713505648name,22222
17790713505649,17790713505649name,22222
17790713505650,17790713505650name,22222
17790713505651,17790713505651name,22222
17790713505652,17790713505652name,22222
17790713505653,17790713505653name,22222
17790713505654,17790713505654name,22222
17790713505655,17790713505655name,22222
17790713505656,17790713505656name,22222
17790713505657,17790713505657name,22222
17790713505658,17790713505658name,22222
17790713505659,17790713505659name,22222
17790713505660,17790713505660name,22222
17790713505661,17790713505661name,22222
17790713505662,17790713505662name,22222
17790713505663,17790713505663name,22222
17790713505664,17790713505664name,22222
17790713505665,17790713505665name,22222
17790713505666,17790713505666name,22222
17790713505667,17790713505667name,22222
17790713505668,17790713505668name,22222
17790713505669,17790713505669name,22222
17790713505670,17790713505670name,22222
17790713505671,17790713505671name,22222
17790713505672,17790713505672name,22222
17790713505673,17790713505673name,22222
17790713505674,17790713505674name,22222
17790713505675,17790713505675name,22222
17790713505676,17790713505676name,22222
17790713505677,17790713505677name,22222
17790713505678,17790713505678name,22222
17790713505679,17790713505679name,22222
17790713505680,17790713505680name,22222
17790713505681,17790713505681name,22222
17790713505682,17790713505682name,22222
17790713505683,17790713505683name,22222
17790713505684,17790713505684name,22222
17790713505685,17790713505685name,22222
17790713505686,17790713505686name,22222
17790713505687,17790713505687name,22222
17790713505688,17790713505688name,22222
17790713505689,17790713505689name,22222
17790713505690,17790713505690name,22222
17790713505691,17790713505691name,22222
17790713505692,17790713505692name,22222
17790713505693,17790713505693name,22222
17790713505694,17790713505694name,22222
17790713505695,17790713505695name,22222
17790713505696,17790713505696name,22222
17790713505697,17790713505697name,22222
17790713505698,17790713505698name,22222
17790713505699,17790713505699name,22222
17790713505700,17790713505700name,22222
17790713505701,17790713505701name,22222
17790713505702,17790713505702name,22222
17790713505703,17790713505703name,22222
17790713505704,17790713505704name,22222
17790713505705,17790713505705name,22222
17790713505706,17790713505706name,22222
17790713505707,17790713505707name,22222
17790713505708,17790713505708name,22222
17790713505709,17790713505709name,22222
17790713505710,17790713505710name,22222
17790713505711,17790713505711name,22222
17790713505712,17790713505712name,22222
17790713505713,17790713505713name,22222
17790713505714,17790713505714name,22222
17790713505715,17790713505715name,22222
17790713505716,17790713505716name,22222
17790713505717,17790713505717name,22222
17790713505718,17790713505718name,22222
17790713505719,17790713505719name,22222
17790713505720,17790713505720name,22222
17790713505721,17790713505721name,22222
17790713505722,17790713505722name,22222
17790713505723,17790713505723name,22222
17790713505724,17790713505724name,22222
17790713505725,17790713505725name,22222
17790713505726,17790713505726name,22222
17790713505727,17790713505727name,22222
17790713505728,17790713505728name,22222
17790713505729,17790713505729name,22222
17790713505730,17790713505730name,22222
17790713505731,17790713505731name,22222
17790713505732,17790713505732name,22222
17790713505733,17790713505733name,22222
17790713505734,17790713505734name,22222
17790713505735,17790713505735name,22222
17790713505736,17790713505736name,22222
17790713505737,17790713505737name,22222
17790713505738,17790713505738name,22222
17790713505739,17790713505739name,22222
17790713505740,17790713505740name,22222
17790713505741,17790713505741name,22222
17790713505742,17790713505742name,22222
17790713505743,17790713505743name,22222
17790713505744,17790713505744name,22222
17790713505745,17790713505745name,22222
17790713505746,17790713505746name,22222
17790713505747,17790713505747name,22222
17790713505748,17790713505748name,22222
17790713505749,17790713505749name,22222
17790713505750,17790713505750name,22222
17790713505751,17790713505751name,22222
17790713505752,17790713505752name,22222
17790713505753,17790713505753name,22222
17790713505754,17790713505754name,22222
17790713505755,17790713505755name,22222
17790713505756,17790713505756name,22222
17790713505757,17790713505757name,22222
17790713505758,17790713505758name,22222
17790713505759,17790713505759name,22222
17790713505760,17790713505760name,22222
17790713505761,17790713505761name,22222
17790713505762,17790713505762name,22222
17790713505763,17790713505763name,22222
17790713505764,17790713505764name,22222
17790713505765,17790713505765name,22222
17790713505766,17790713505766name,22222
17790713505767,17790713505767name,22222
17790713505768,17790713505768name,22222
17790713505769,17790713505769name,22222
17790713505770,17790713505770name,22222
17790713505771,17790713505771name,22222
17790713505772,17790713505772name,22222
17790713505773,17790713505773name,22222
17790713505774,17790713505774name,22222
17790713505775,17790713505775name,22222
17790713505776,17790713505776name,22222
17790713505777,17790713505777name,22222
17790713505778,17790713505778name,22222
17790713505779,17790713505779name,22222
17790713505780,17790713505780name,22222
17790713505781,17790713505781name,22222
17790713505782,17790713505782name,22222
17790713505783,17790713505783name,22222
17790713505784,17790713505784name,22222
17790713505785,17790713505785name,22222
17790713505786,17790713505786name,22222
17790713505787,17790713505787name,22222
17790713505788,17790713505788name,22222
17790713505789,17790713505789name,22222
17790713505790,17790713505790name,22222
17790713505791,17790713505791name,22222
17790713505792,17790713505792name,22222
17790713505793,17790713505793name,22222
17790713505794,17790713505794name,22222
17790713505795,17790713505795name,22222
17790713505796,17790713505796name,22222
17790713505797,17790713505797name,22222
17790713505798,17790713505798name,22222
17790713505799,17790713505799name,22222
17790713505800,17790713505800name,22222
17790713505801,17790713505801name,22222
17790713505802,17790713505802name,22222
17790713505803,17790713505803name,22222
17790713505804,17790713505804name,22222
17790713505805,17790713505805name,22222
17790713505806,17790713505806name,22222
17790713505807,17790713505807name,22222
17790713505808,17790713505808name,22222
17790713505809,17790713505809name,22222
17790713505810,17790713505810name,22222
17790713505811,17790713505811name,22222
17790713505812,17790713505812name,22222
17790713505813,17790713505813name,22222
17790713505814,17790713505814name,22222
17790713505815,17790713505815name,22222
17790713505816,17790713505816name,22222
17790713505817,17790713505817name,22222
17790713505818,17790713505818name,22222
17790713505819,17790713505819name,22222
17790713505820,17790713505820name,22222
17790713505821,17790713505821name,22222
17790713505822,17790713505822name,22222
17790713505823,17790713505823name,22222
17790713505824,17790713505824name,22222
17790713505825,17790713505825name,22222
17790713505826,17790713505826name,22222
17790713505827,17790713505827name,22222
17790713505828,17790713505828name,22222
17790713505829,17790713505829name,22222
17790713505830,17790713505830name,22222
17790713505831,17790713505831name,22222
17790713505832,17790713505832name,22222
17790713505833,17790713505833name,22222
17790713505834,17790713505834name,22222
17790713505835,17790713505835name,22222
17790713505836,17790713505836name,22222
17790713505837,17790713505837name,22222
17790713505838,17790713505838name,22222
17790713505839,17790713505839name,22222
17790713505840,17790713505840name,22222
17790713505841,17790713505841name,22222
17790713505842,17790713505842name,22222
17790713505843,17790713505843name,22222
17790713505844,17790713505844name,22222
17790713505845,17790713505845name,22222
17790713505846,17790713505846name,22222
17790713505847,17790713505847name,22222
17790713505848,17790713505848name,22222
17790713505849,17790713505849name,22222
17790713505850,17790713505850name,22222
17790713505851,17790713505851name,22222
17790713505852,17790713505852name,22222
17790713505853,17790713505853name,22222
17790713505854,17790713505854name,22222
17790713505855,17790713505855name,22222
17790713505856,17790713505856name,22222
17790713505857,17790713505857name,22222
17790713505858,17790713505858name,22222
17790713505859,17790713505859name,22222
17790713505860,17790713505860name,22222
17790713505861,17790713505861name,22222
17790713505862,17790713505862name,22222
17790713505863,17790713505863name,22222
17790713505864,17790713505864name,22222
17790713505865,17790713505865name,22222
17790713505866,17790713505866name,22222
17790713505867,17790713505867name,22222
17790713505868,17790713505868name,22222
17790713505869,17790713505869name,22222
17790713505870,17790713505870name,22222
17790713505871,17790713505871name,22222
17790713505872,17790713505872name,22222
17790713505873,17790713505873name,22222
17790713505874,17790713505874name,22222
17790713505875,17790713505875name,22222
17790713505876,17790713505876name,22222
17790713505877,17790713505877name,22222
17790713505878,17790713505878name,22222
17790713505879,17790713505879name,22222
17790713505880,17790713505880name,22222
17790713505881,17790713505881name,22222
17790713505882,17790713505882name,22222
17790713505883,17790713505883name,22222
17790713505884,17790713505884name,22222
17790713505885,17790713505885name,22222
17790713505886,17790713505886name,22222
17790713505887,17790713505887name,22222
17790713505888,17790713505888name,22222
17790713505889,17790713505889name,22222
17790713505890,17790713505890name,22222
17790713505891,17790713505891name,22222
17790713505892,17790713505892name,22222
17790713505893,17790713505893name,22222
17790713505894,17790713505894name,22222
17790713505895,17790713505895name,22222
17790713505896,17790713505896name,22222
17790713505897,17790713505897name,22222
17790713505898,17790713505898name,22222
17790713505899,17790713505899name,22222
17790713505900,17790713505900name,22222
17790713505901,17790713505901name,22222
17790713505902,17790713505902name,22222
17790713505903,17790713505903name,22222
17790713505904,17790713505904name,22222
17790713505905,17790713505905name,22222
17790713505906,17790713505906name,22222
17790713505907,17790713505907name,22222
17790713505908,17790713505908name,22222
17790713505909,17790713505909name,22222
17790713505910,17790713505910name,22222
17790713505911,17790713505911name,22222
17790713505912,17790713505912name,22222
17790713505913,17790713505913name,22222
17790713505914,17790713505914name,22222
17790713505915,17790713505915name,22222
17790713505916,17790713505916name,22222
17790713505917,17790713505917name,22222
17790713505918,17790713505918name,22222
17790713505919,17790713505919name,22222
17790713505920,17790713505920name,22222
17790713505921,17790713505921name,22222
17790713505922,17790713505922name,22222
17790713505923,17790713505923name,22222
17790713505924,17790713505924name,22222
17790713505925,17790713505925name,22222
17790713505926,17790713505926name,22222
17790713505927,17790713505927name,22222
17790713505928,17790713505928name,22222
17790713505929,17790713505929name,22222
17790713505930,17790713505930name,22222
17790713505931,17790713505931name,22222
17790713505932,17790713505932name,22222
17790713505933,17790713505933name,22222
17790713505934,17790713505934name,22222
17790713505935,17790713505935name,22222
17790713505936,17790713505936name,22222
17790713505937,17790713505937name,22222
17790713505938,17790713505938name,22222
17790713505939,17790713505939name,22222
17790713505940,17790713505940name,22222
17790713505941,17790713505941name,22222
17790713505942,17790713505942name,22222
17790713505943,17790713505943name,22222
17790713505944,17790713505944name,22222
17790713505945,17790713505945name,22222
17790713505946,17790713505946name,22222
17790713505947,17790713505947name,22222
17790713505948,17790713505948name,22222
17790713505949,17790713505949name,22222
17790713505950,17790713505950name,22222
17790713505951,17790713505951name,22222
17790713505952,17790713505952name,22222
17790713505953,17790713505953name,22222
17790713505954,17790713505954name,22222
17790713505955,17790713505955name,22222
17790713505956,17790713505956name,22222
17790713505957,17790713505957name,22222
17790713505958,17790713505958name,22222
17790713505959,17790713505959name,22222
17790713505960,17790713505960name,22222
17790713505961,17790713505961name,22222
17790713505962,17790713505962name,22222
17790713505963,17790713505963name,22222
17790713505964,17790713505964name,22222
17790713505965,17790713505965name,22222
17790713505966,17790713505966name,22222
17790713505967,17790713505967name,22222
17790713505968,17790713505968name,22222
17790713505969,17790713505969name,22222
17790713505970,17790713505970name,22222
17790713505971,17790713505971name,22222
17790713505972,17790713505972name,22222
17790713505973,17790713505973name,22222
17790713505974,17790713505974name,22222
17790713505975,17790713505975name,22222
17790713505976,17790713505976name,22222
17790713505977,17790713505977name,22222
17790713505978,17790713505978name,22222
17790713505979,17790713505979name,22222
17790713505980,17790713505980name,22222
17790713505981,17790713505981name,22222
17790713505982,17790713505982name,22222
17790713505983,17790713505983name,22222
17790713505984,17790713505984name,22222
17790713505985,17790713505985name,22222
17790713505986,17790713505986name,22222
17790713505987,17790713505987name,22222
17790713505988,17790713505988name,22222
17790713505989,17790713505989name,22222
17790713505990,17790713505990name,22222
17790713505991,17790713505991name,22222
17790713505992,17790713505992name,22222
17790713505993,17790713505993name,22222
17790713505994,17790713505994name,22222
17790713505995,17790713505995name,22222
17790713505996,17790713505996name,22222
17790713505997,17790713505997name,22222
17790713505998,17790713505998name,22222
17790713505999,17790713505999name,22222
17790713506000,17790713506000name,22222
