17790708681,17790708681name,22222
17790708682,17790708682name,22222
17790708683,17790708683name,22222
17790708684,17790708684name,22222
17790708685,17790708685name,22222
17790708686,17790708686name,22222
17790708687,17790708687name,22222
17790708688,17790708688name,22222
17790708689,17790708689name,22222
177907086810,177907086810name,22222
177907086811,177907086811name,22222
177907086812,177907086812name,22222
177907086813,177907086813name,22222
177907086814,177907086814name,22222
177907086815,177907086815name,22222
177907086816,177907086816name,22222
177907086817,177907086817name,22222
177907086818,177907086818name,22222
177907086819,177907086819name,22222
177907086820,177907086820name,22222
177907086821,177907086821name,22222
177907086822,177907086822name,22222
177907086823,177907086823name,22222
177907086824,177907086824name,22222
177907086825,177907086825name,22222
177907086826,177907086826name,22222
177907086827,177907086827name,22222
177907086828,177907086828name,22222
177907086829,177907086829name,22222
177907086830,177907086830name,22222
177907086831,177907086831name,22222
177907086832,177907086832name,22222
177907086833,177907086833name,22222
177907086834,177907086834name,22222
177907086835,177907086835name,22222
177907086836,177907086836name,22222
177907086837,177907086837name,22222
177907086838,177907086838name,22222
177907086839,177907086839name,22222
177907086840,177907086840name,22222
177907086841,177907086841name,22222
177907086842,177907086842name,22222
177907086843,177907086843name,22222
177907086844,177907086844name,22222
177907086845,177907086845name,22222
177907086846,177907086846name,22222
177907086847,177907086847name,22222
177907086848,177907086848name,22222
177907086849,177907086849name,22222
177907086850,177907086850name,22222
177907086851,177907086851name,22222
177907086852,177907086852name,22222
177907086853,177907086853name,22222
177907086854,177907086854name,22222
177907086855,177907086855name,22222
177907086856,177907086856name,22222
177907086857,177907086857name,22222
177907086858,177907086858name,22222
177907086859,177907086859name,22222
177907086860,177907086860name,22222
177907086861,177907086861name,22222
177907086862,177907086862name,22222
177907086863,177907086863name,22222
177907086864,177907086864name,22222
177907086865,177907086865name,22222
177907086866,177907086866name,22222
177907086867,177907086867name,22222
177907086868,177907086868name,22222
177907086869,177907086869name,22222
177907086870,177907086870name,22222
177907086871,177907086871name,22222
177907086872,177907086872name,22222
177907086873,177907086873name,22222
177907086874,177907086874name,22222
177907086875,177907086875name,22222
177907086876,177907086876name,22222
177907086877,177907086877name,22222
177907086878,177907086878name,22222
177907086879,177907086879name,22222
177907086880,177907086880name,22222
177907086881,177907086881name,22222
177907086882,177907086882name,22222
177907086883,177907086883name,22222
177907086884,177907086884name,22222
177907086885,177907086885name,22222
177907086886,177907086886name,22222
177907086887,177907086887name,22222
177907086888,177907086888name,22222
177907086889,177907086889name,22222
177907086890,177907086890name,22222
177907086891,177907086891name,22222
177907086892,177907086892name,22222
177907086893,177907086893name,22222
177907086894,177907086894name,22222
177907086895,177907086895name,22222
177907086896,177907086896name,22222
177907086897,177907086897name,22222
177907086898,177907086898name,22222
177907086899,177907086899name,22222
1779070868100,1779070868100name,22222
1779070868101,1779070868101name,22222
1779070868102,1779070868102name,22222
1779070868103,1779070868103name,22222
1779070868104,1779070868104name,22222
1779070868105,1779070868105name,22222
1779070868106,1779070868106name,22222
1779070868107,1779070868107name,22222
1779070868108,1779070868108name,22222
1779070868109,1779070868109name,22222
1779070868110,1779070868110name,22222
1779070868111,1779070868111name,22222
1779070868112,1779070868112name,22222
1779070868113,1779070868113name,22222
1779070868114,1779070868114name,22222
1779070868115,1779070868115name,22222
1779070868116,1779070868116name,22222
1779070868117,1779070868117name,22222
1779070868118,1779070868118name,22222
1779070868119,1779070868119name,22222
1779070868120,1779070868120name,22222
1779070868121,1779070868121name,22222
1779070868122,1779070868122name,22222
1779070868123,1779070868123name,22222
1779070868124,1779070868124name,22222
1779070868125,1779070868125name,22222
1779070868126,1779070868126name,22222
1779070868127,1779070868127name,22222
1779070868128,1779070868128name,22222
1779070868129,1779070868129name,22222
1779070868130,1779070868130name,22222
1779070868131,1779070868131name,22222
1779070868132,1779070868132name,22222
1779070868133,1779070868133name,22222
1779070868134,1779070868134name,22222
1779070868135,1779070868135name,22222
1779070868136,1779070868136name,22222
1779070868137,1779070868137name,22222
1779070868138,1779070868138name,22222
1779070868139,1779070868139name,22222
1779070868140,1779070868140name,22222
1779070868141,1779070868141name,22222
1779070868142,1779070868142name,22222
1779070868143,1779070868143name,22222
1779070868144,1779070868144name,22222
1779070868145,1779070868145name,22222
1779070868146,1779070868146name,22222
1779070868147,1779070868147name,22222
1779070868148,1779070868148name,22222
1779070868149,1779070868149name,22222
1779070868150,1779070868150name,22222
1779070868151,1779070868151name,22222
1779070868152,1779070868152name,22222
1779070868153,1779070868153name,22222
1779070868154,1779070868154name,22222
1779070868155,1779070868155name,22222
1779070868156,1779070868156name,22222
1779070868157,1779070868157name,22222
1779070868158,1779070868158name,22222
1779070868159,1779070868159name,22222
1779070868160,1779070868160name,22222
1779070868161,1779070868161name,22222
1779070868162,1779070868162name,22222
1779070868163,1779070868163name,22222
1779070868164,1779070868164name,22222
1779070868165,1779070868165name,22222
1779070868166,1779070868166name,22222
1779070868167,1779070868167name,22222
1779070868168,1779070868168name,22222
1779070868169,1779070868169name,22222
1779070868170,1779070868170name,22222
1779070868171,1779070868171name,22222
1779070868172,1779070868172name,22222
1779070868173,1779070868173name,22222
1779070868174,1779070868174name,22222
1779070868175,1779070868175name,22222
1779070868176,1779070868176name,22222
1779070868177,1779070868177name,22222
1779070868178,1779070868178name,22222
1779070868179,1779070868179name,22222
1779070868180,1779070868180name,22222
1779070868181,1779070868181name,22222
1779070868182,1779070868182name,22222
1779070868183,1779070868183name,22222
1779070868184,1779070868184name,22222
1779070868185,1779070868185name,22222
1779070868186,1779070868186name,22222
1779070868187,1779070868187name,22222
1779070868188,1779070868188name,22222
1779070868189,1779070868189name,22222
1779070868190,1779070868190name,22222
1779070868191,1779070868191name,22222
1779070868192,1779070868192name,22222
1779070868193,1779070868193name,22222
1779070868194,1779070868194name,22222
1779070868195,1779070868195name,22222
1779070868196,1779070868196name,22222
1779070868197,1779070868197name,22222
1779070868198,1779070868198name,22222
1779070868199,1779070868199name,22222
1779070868200,1779070868200name,22222
1779070868201,1779070868201name,22222
1779070868202,1779070868202name,22222
1779070868203,1779070868203name,22222
1779070868204,1779070868204name,22222
1779070868205,1779070868205name,22222
1779070868206,1779070868206name,22222
1779070868207,1779070868207name,22222
1779070868208,1779070868208name,22222
1779070868209,1779070868209name,22222
1779070868210,1779070868210name,22222
1779070868211,1779070868211name,22222
1779070868212,1779070868212name,22222
1779070868213,1779070868213name,22222
1779070868214,1779070868214name,22222
1779070868215,1779070868215name,22222
1779070868216,1779070868216name,22222
1779070868217,1779070868217name,22222
1779070868218,1779070868218name,22222
1779070868219,1779070868219name,22222
1779070868220,1779070868220name,22222
1779070868221,1779070868221name,22222
1779070868222,1779070868222name,22222
1779070868223,1779070868223name,22222
1779070868224,1779070868224name,22222
1779070868225,1779070868225name,22222
1779070868226,1779070868226name,22222
1779070868227,1779070868227name,22222
1779070868228,1779070868228name,22222
1779070868229,1779070868229name,22222
1779070868230,1779070868230name,22222
1779070868231,1779070868231name,22222
1779070868232,1779070868232name,22222
1779070868233,1779070868233name,22222
1779070868234,1779070868234name,22222
1779070868235,1779070868235name,22222
1779070868236,1779070868236name,22222
1779070868237,1779070868237name,22222
1779070868238,1779070868238name,22222
1779070868239,1779070868239name,22222
1779070868240,1779070868240name,22222
1779070868241,1779070868241name,22222
1779070868242,1779070868242name,22222
1779070868243,1779070868243name,22222
1779070868244,1779070868244name,22222
1779070868245,1779070868245name,22222
1779070868246,1779070868246name,22222
1779070868247,1779070868247name,22222
1779070868248,1779070868248name,22222
1779070868249,1779070868249name,22222
1779070868250,1779070868250name,22222
1779070868251,1779070868251name,22222
1779070868252,1779070868252name,22222
1779070868253,1779070868253name,22222
1779070868254,1779070868254name,22222
1779070868255,1779070868255name,22222
1779070868256,1779070868256name,22222
1779070868257,1779070868257name,22222
1779070868258,1779070868258name,22222
1779070868259,1779070868259name,22222
1779070868260,1779070868260name,22222
1779070868261,1779070868261name,22222
1779070868262,1779070868262name,22222
1779070868263,1779070868263name,22222
1779070868264,1779070868264name,22222
1779070868265,1779070868265name,22222
1779070868266,1779070868266name,22222
1779070868267,1779070868267name,22222
1779070868268,1779070868268name,22222
1779070868269,1779070868269name,22222
1779070868270,1779070868270name,22222
1779070868271,1779070868271name,22222
1779070868272,1779070868272name,22222
1779070868273,1779070868273name,22222
1779070868274,1779070868274name,22222
1779070868275,1779070868275name,22222
1779070868276,1779070868276name,22222
1779070868277,1779070868277name,22222
1779070868278,1779070868278name,22222
1779070868279,1779070868279name,22222
1779070868280,1779070868280name,22222
1779070868281,1779070868281name,22222
1779070868282,1779070868282name,22222
1779070868283,1779070868283name,22222
1779070868284,1779070868284name,22222
1779070868285,1779070868285name,22222
1779070868286,1779070868286name,22222
1779070868287,1779070868287name,22222
1779070868288,1779070868288name,22222
1779070868289,1779070868289name,22222
1779070868290,1779070868290name,22222
1779070868291,1779070868291name,22222
1779070868292,1779070868292name,22222
1779070868293,1779070868293name,22222
1779070868294,1779070868294name,22222
1779070868295,1779070868295name,22222
1779070868296,1779070868296name,22222
1779070868297,1779070868297name,22222
1779070868298,1779070868298name,22222
1779070868299,1779070868299name,22222
1779070868300,1779070868300name,22222
1779070868301,1779070868301name,22222
1779070868302,1779070868302name,22222
1779070868303,1779070868303name,22222
1779070868304,1779070868304name,22222
1779070868305,1779070868305name,22222
1779070868306,1779070868306name,22222
1779070868307,1779070868307name,22222
1779070868308,1779070868308name,22222
1779070868309,1779070868309name,22222
1779070868310,1779070868310name,22222
1779070868311,1779070868311name,22222
1779070868312,1779070868312name,22222
1779070868313,1779070868313name,22222
1779070868314,1779070868314name,22222
1779070868315,1779070868315name,22222
1779070868316,1779070868316name,22222
1779070868317,1779070868317name,22222
1779070868318,1779070868318name,22222
1779070868319,1779070868319name,22222
1779070868320,1779070868320name,22222
1779070868321,1779070868321name,22222
1779070868322,1779070868322name,22222
1779070868323,1779070868323name,22222
1779070868324,1779070868324name,22222
1779070868325,1779070868325name,22222
1779070868326,1779070868326name,22222
1779070868327,1779070868327name,22222
1779070868328,1779070868328name,22222
1779070868329,1779070868329name,22222
1779070868330,1779070868330name,22222
1779070868331,1779070868331name,22222
1779070868332,1779070868332name,22222
1779070868333,1779070868333name,22222
1779070868334,1779070868334name,22222
1779070868335,1779070868335name,22222
1779070868336,1779070868336name,22222
1779070868337,1779070868337name,22222
1779070868338,1779070868338name,22222
1779070868339,1779070868339name,22222
1779070868340,1779070868340name,22222
1779070868341,1779070868341name,22222
1779070868342,1779070868342name,22222
1779070868343,1779070868343name,22222
1779070868344,1779070868344name,22222
1779070868345,1779070868345name,22222
1779070868346,1779070868346name,22222
1779070868347,1779070868347name,22222
1779070868348,1779070868348name,22222
1779070868349,1779070868349name,22222
1779070868350,1779070868350name,22222
1779070868351,1779070868351name,22222
1779070868352,1779070868352name,22222
1779070868353,1779070868353name,22222
1779070868354,1779070868354name,22222
1779070868355,1779070868355name,22222
1779070868356,1779070868356name,22222
1779070868357,1779070868357name,22222
1779070868358,1779070868358name,22222
1779070868359,1779070868359name,22222
1779070868360,1779070868360name,22222
1779070868361,1779070868361name,22222
1779070868362,1779070868362name,22222
1779070868363,1779070868363name,22222
1779070868364,1779070868364name,22222
1779070868365,1779070868365name,22222
1779070868366,1779070868366name,22222
1779070868367,1779070868367name,22222
1779070868368,1779070868368name,22222
1779070868369,1779070868369name,22222
1779070868370,1779070868370name,22222
1779070868371,1779070868371name,22222
1779070868372,1779070868372name,22222
1779070868373,1779070868373name,22222
1779070868374,1779070868374name,22222
1779070868375,1779070868375name,22222
1779070868376,1779070868376name,22222
1779070868377,1779070868377name,22222
1779070868378,1779070868378name,22222
1779070868379,1779070868379name,22222
1779070868380,1779070868380name,22222
1779070868381,1779070868381name,22222
1779070868382,1779070868382name,22222
1779070868383,1779070868383name,22222
1779070868384,1779070868384name,22222
1779070868385,1779070868385name,22222
1779070868386,1779070868386name,22222
1779070868387,1779070868387name,22222
1779070868388,1779070868388name,22222
1779070868389,1779070868389name,22222
1779070868390,1779070868390name,22222
1779070868391,1779070868391name,22222
1779070868392,1779070868392name,22222
1779070868393,1779070868393name,22222
1779070868394,1779070868394name,22222
1779070868395,1779070868395name,22222
1779070868396,1779070868396name,22222
1779070868397,1779070868397name,22222
1779070868398,1779070868398name,22222
1779070868399,1779070868399name,22222
1779070868400,1779070868400name,22222
1779070868401,1779070868401name,22222
1779070868402,1779070868402name,22222
1779070868403,1779070868403name,22222
1779070868404,1779070868404name,22222
1779070868405,1779070868405name,22222
1779070868406,1779070868406name,22222
1779070868407,1779070868407name,22222
1779070868408,1779070868408name,22222
1779070868409,1779070868409name,22222
1779070868410,1779070868410name,22222
1779070868411,1779070868411name,22222
1779070868412,1779070868412name,22222
1779070868413,1779070868413name,22222
1779070868414,1779070868414name,22222
1779070868415,1779070868415name,22222
1779070868416,1779070868416name,22222
1779070868417,1779070868417name,22222
1779070868418,1779070868418name,22222
1779070868419,1779070868419name,22222
1779070868420,1779070868420name,22222
1779070868421,1779070868421name,22222
1779070868422,1779070868422name,22222
1779070868423,1779070868423name,22222
1779070868424,1779070868424name,22222
1779070868425,1779070868425name,22222
1779070868426,1779070868426name,22222
1779070868427,1779070868427name,22222
1779070868428,1779070868428name,22222
1779070868429,1779070868429name,22222
1779070868430,1779070868430name,22222
1779070868431,1779070868431name,22222
1779070868432,1779070868432name,22222
1779070868433,1779070868433name,22222
1779070868434,1779070868434name,22222
1779070868435,1779070868435name,22222
1779070868436,1779070868436name,22222
1779070868437,1779070868437name,22222
1779070868438,1779070868438name,22222
1779070868439,1779070868439name,22222
1779070868440,1779070868440name,22222
1779070868441,1779070868441name,22222
1779070868442,1779070868442name,22222
1779070868443,1779070868443name,22222
1779070868444,1779070868444name,22222
1779070868445,1779070868445name,22222
1779070868446,1779070868446name,22222
1779070868447,1779070868447name,22222
1779070868448,1779070868448name,22222
1779070868449,1779070868449name,22222
1779070868450,1779070868450name,22222
1779070868451,1779070868451name,22222
1779070868452,1779070868452name,22222
1779070868453,1779070868453name,22222
1779070868454,1779070868454name,22222
1779070868455,1779070868455name,22222
1779070868456,1779070868456name,22222
1779070868457,1779070868457name,22222
1779070868458,1779070868458name,22222
1779070868459,1779070868459name,22222
1779070868460,1779070868460name,22222
1779070868461,1779070868461name,22222
1779070868462,1779070868462name,22222
1779070868463,1779070868463name,22222
1779070868464,1779070868464name,22222
1779070868465,1779070868465name,22222
1779070868466,1779070868466name,22222
1779070868467,1779070868467name,22222
1779070868468,1779070868468name,22222
1779070868469,1779070868469name,22222
1779070868470,1779070868470name,22222
1779070868471,1779070868471name,22222
1779070868472,1779070868472name,22222
1779070868473,1779070868473name,22222
1779070868474,1779070868474name,22222
1779070868475,1779070868475name,22222
1779070868476,1779070868476name,22222
1779070868477,1779070868477name,22222
1779070868478,1779070868478name,22222
1779070868479,1779070868479name,22222
1779070868480,1779070868480name,22222
1779070868481,1779070868481name,22222
1779070868482,1779070868482name,22222
1779070868483,1779070868483name,22222
1779070868484,1779070868484name,22222
1779070868485,1779070868485name,22222
1779070868486,1779070868486name,22222
1779070868487,1779070868487name,22222
1779070868488,1779070868488name,22222
1779070868489,1779070868489name,22222
1779070868490,1779070868490name,22222
1779070868491,1779070868491name,22222
1779070868492,1779070868492name,22222
1779070868493,1779070868493name,22222
1779070868494,1779070868494name,22222
1779070868495,1779070868495name,22222
1779070868496,1779070868496name,22222
1779070868497,1779070868497name,22222
1779070868498,1779070868498name,22222
1779070868499,1779070868499name,22222
1779070868500,1779070868500name,22222
1779070868501,1779070868501name,22222
1779070868502,1779070868502name,22222
1779070868503,1779070868503name,22222
1779070868504,1779070868504name,22222
1779070868505,1779070868505name,22222
1779070868506,1779070868506name,22222
1779070868507,1779070868507name,22222
1779070868508,1779070868508name,22222
1779070868509,1779070868509name,22222
1779070868510,1779070868510name,22222
1779070868511,1779070868511name,22222
1779070868512,1779070868512name,22222
1779070868513,1779070868513name,22222
1779070868514,1779070868514name,22222
1779070868515,1779070868515name,22222
1779070868516,1779070868516name,22222
1779070868517,1779070868517name,22222
1779070868518,1779070868518name,22222
1779070868519,1779070868519name,22222
1779070868520,1779070868520name,22222
1779070868521,1779070868521name,22222
1779070868522,1779070868522name,22222
1779070868523,1779070868523name,22222
1779070868524,1779070868524name,22222
1779070868525,1779070868525name,22222
1779070868526,1779070868526name,22222
1779070868527,1779070868527name,22222
1779070868528,1779070868528name,22222
1779070868529,1779070868529name,22222
1779070868530,1779070868530name,22222
1779070868531,1779070868531name,22222
1779070868532,1779070868532name,22222
1779070868533,1779070868533name,22222
1779070868534,1779070868534name,22222
1779070868535,1779070868535name,22222
1779070868536,1779070868536name,22222
1779070868537,1779070868537name,22222
1779070868538,1779070868538name,22222
1779070868539,1779070868539name,22222
1779070868540,1779070868540name,22222
1779070868541,1779070868541name,22222
1779070868542,1779070868542name,22222
1779070868543,1779070868543name,22222
1779070868544,1779070868544name,22222
1779070868545,1779070868545name,22222
1779070868546,1779070868546name,22222
1779070868547,1779070868547name,22222
1779070868548,1779070868548name,22222
1779070868549,1779070868549name,22222
1779070868550,1779070868550name,22222
1779070868551,1779070868551name,22222
1779070868552,1779070868552name,22222
1779070868553,1779070868553name,22222
1779070868554,1779070868554name,22222
1779070868555,1779070868555name,22222
1779070868556,1779070868556name,22222
1779070868557,1779070868557name,22222
1779070868558,1779070868558name,22222
1779070868559,1779070868559name,22222
1779070868560,1779070868560name,22222
1779070868561,1779070868561name,22222
1779070868562,1779070868562name,22222
1779070868563,1779070868563name,22222
1779070868564,1779070868564name,22222
1779070868565,1779070868565name,22222
1779070868566,1779070868566name,22222
1779070868567,1779070868567name,22222
1779070868568,1779070868568name,22222
1779070868569,1779070868569name,22222
1779070868570,1779070868570name,22222
1779070868571,1779070868571name,22222
1779070868572,1779070868572name,22222
1779070868573,1779070868573name,22222
1779070868574,1779070868574name,22222
1779070868575,1779070868575name,22222
1779070868576,1779070868576name,22222
1779070868577,1779070868577name,22222
1779070868578,1779070868578name,22222
1779070868579,1779070868579name,22222
1779070868580,1779070868580name,22222
1779070868581,1779070868581name,22222
1779070868582,1779070868582name,22222
1779070868583,1779070868583name,22222
1779070868584,1779070868584name,22222
1779070868585,1779070868585name,22222
1779070868586,1779070868586name,22222
1779070868587,1779070868587name,22222
1779070868588,1779070868588name,22222
1779070868589,1779070868589name,22222
1779070868590,1779070868590name,22222
1779070868591,1779070868591name,22222
1779070868592,1779070868592name,22222
1779070868593,1779070868593name,22222
1779070868594,1779070868594name,22222
1779070868595,1779070868595name,22222
1779070868596,1779070868596name,22222
1779070868597,1779070868597name,22222
1779070868598,1779070868598name,22222
1779070868599,1779070868599name,22222
1779070868600,1779070868600name,22222
1779070868601,1779070868601name,22222
1779070868602,1779070868602name,22222
1779070868603,1779070868603name,22222
1779070868604,1779070868604name,22222
1779070868605,1779070868605name,22222
1779070868606,1779070868606name,22222
1779070868607,1779070868607name,22222
1779070868608,1779070868608name,22222
1779070868609,1779070868609name,22222
1779070868610,1779070868610name,22222
1779070868611,1779070868611name,22222
1779070868612,1779070868612name,22222
1779070868613,1779070868613name,22222
1779070868614,1779070868614name,22222
1779070868615,1779070868615name,22222
1779070868616,1779070868616name,22222
1779070868617,1779070868617name,22222
1779070868618,1779070868618name,22222
1779070868619,1779070868619name,22222
1779070868620,1779070868620name,22222
1779070868621,1779070868621name,22222
1779070868622,1779070868622name,22222
1779070868623,1779070868623name,22222
1779070868624,1779070868624name,22222
1779070868625,1779070868625name,22222
1779070868626,1779070868626name,22222
1779070868627,1779070868627name,22222
1779070868628,1779070868628name,22222
1779070868629,1779070868629name,22222
1779070868630,1779070868630name,22222
1779070868631,1779070868631name,22222
1779070868632,1779070868632name,22222
1779070868633,1779070868633name,22222
1779070868634,1779070868634name,22222
1779070868635,1779070868635name,22222
1779070868636,1779070868636name,22222
1779070868637,1779070868637name,22222
1779070868638,1779070868638name,22222
1779070868639,1779070868639name,22222
1779070868640,1779070868640name,22222
1779070868641,1779070868641name,22222
1779070868642,1779070868642name,22222
1779070868643,1779070868643name,22222
1779070868644,1779070868644name,22222
1779070868645,1779070868645name,22222
1779070868646,1779070868646name,22222
1779070868647,1779070868647name,22222
1779070868648,1779070868648name,22222
1779070868649,1779070868649name,22222
1779070868650,1779070868650name,22222
1779070868651,1779070868651name,22222
1779070868652,1779070868652name,22222
1779070868653,1779070868653name,22222
1779070868654,1779070868654name,22222
1779070868655,1779070868655name,22222
1779070868656,1779070868656name,22222
1779070868657,1779070868657name,22222
1779070868658,1779070868658name,22222
1779070868659,1779070868659name,22222
1779070868660,1779070868660name,22222
1779070868661,1779070868661name,22222
1779070868662,1779070868662name,22222
1779070868663,1779070868663name,22222
1779070868664,1779070868664name,22222
1779070868665,1779070868665name,22222
1779070868666,1779070868666name,22222
1779070868667,1779070868667name,22222
1779070868668,1779070868668name,22222
1779070868669,1779070868669name,22222
1779070868670,1779070868670name,22222
1779070868671,1779070868671name,22222
1779070868672,1779070868672name,22222
1779070868673,1779070868673name,22222
1779070868674,1779070868674name,22222
1779070868675,1779070868675name,22222
1779070868676,1779070868676name,22222
1779070868677,1779070868677name,22222
1779070868678,1779070868678name,22222
1779070868679,1779070868679name,22222
1779070868680,1779070868680name,22222
1779070868681,1779070868681name,22222
1779070868682,1779070868682name,22222
1779070868683,1779070868683name,22222
1779070868684,1779070868684name,22222
1779070868685,1779070868685name,22222
1779070868686,1779070868686name,22222
1779070868687,1779070868687name,22222
1779070868688,1779070868688name,22222
1779070868689,1779070868689name,22222
1779070868690,1779070868690name,22222
1779070868691,1779070868691name,22222
1779070868692,1779070868692name,22222
1779070868693,1779070868693name,22222
1779070868694,1779070868694name,22222
1779070868695,1779070868695name,22222
1779070868696,1779070868696name,22222
1779070868697,1779070868697name,22222
1779070868698,1779070868698name,22222
1779070868699,1779070868699name,22222
1779070868700,1779070868700name,22222
1779070868701,1779070868701name,22222
1779070868702,1779070868702name,22222
1779070868703,1779070868703name,22222
1779070868704,1779070868704name,22222
1779070868705,1779070868705name,22222
1779070868706,1779070868706name,22222
1779070868707,1779070868707name,22222
1779070868708,1779070868708name,22222
1779070868709,1779070868709name,22222
1779070868710,1779070868710name,22222
1779070868711,1779070868711name,22222
1779070868712,1779070868712name,22222
1779070868713,1779070868713name,22222
1779070868714,1779070868714name,22222
1779070868715,1779070868715name,22222
1779070868716,1779070868716name,22222
1779070868717,1779070868717name,22222
1779070868718,1779070868718name,22222
1779070868719,1779070868719name,22222
1779070868720,1779070868720name,22222
1779070868721,1779070868721name,22222
1779070868722,1779070868722name,22222
1779070868723,1779070868723name,22222
1779070868724,1779070868724name,22222
1779070868725,1779070868725name,22222
1779070868726,1779070868726name,22222
1779070868727,1779070868727name,22222
1779070868728,1779070868728name,22222
1779070868729,1779070868729name,22222
1779070868730,1779070868730name,22222
1779070868731,1779070868731name,22222
1779070868732,1779070868732name,22222
1779070868733,1779070868733name,22222
1779070868734,1779070868734name,22222
1779070868735,1779070868735name,22222
1779070868736,1779070868736name,22222
1779070868737,1779070868737name,22222
1779070868738,1779070868738name,22222
1779070868739,1779070868739name,22222
1779070868740,1779070868740name,22222
1779070868741,1779070868741name,22222
1779070868742,1779070868742name,22222
1779070868743,1779070868743name,22222
1779070868744,1779070868744name,22222
1779070868745,1779070868745name,22222
1779070868746,1779070868746name,22222
1779070868747,1779070868747name,22222
1779070868748,1779070868748name,22222
1779070868749,1779070868749name,22222
1779070868750,1779070868750name,22222
1779070868751,1779070868751name,22222
1779070868752,1779070868752name,22222
1779070868753,1779070868753name,22222
1779070868754,1779070868754name,22222
1779070868755,1779070868755name,22222
1779070868756,1779070868756name,22222
1779070868757,1779070868757name,22222
1779070868758,1779070868758name,22222
1779070868759,1779070868759name,22222
1779070868760,1779070868760name,22222
1779070868761,1779070868761name,22222
1779070868762,1779070868762name,22222
1779070868763,1779070868763name,22222
1779070868764,1779070868764name,22222
1779070868765,1779070868765name,22222
1779070868766,1779070868766name,22222
1779070868767,1779070868767name,22222
1779070868768,1779070868768name,22222
1779070868769,1779070868769name,22222
1779070868770,1779070868770name,22222
1779070868771,1779070868771name,22222
1779070868772,1779070868772name,22222
1779070868773,1779070868773name,22222
1779070868774,1779070868774name,22222
1779070868775,1779070868775name,22222
1779070868776,1779070868776name,22222
1779070868777,1779070868777name,22222
1779070868778,1779070868778name,22222
1779070868779,1779070868779name,22222
1779070868780,1779070868780name,22222
1779070868781,1779070868781name,22222
1779070868782,1779070868782name,22222
1779070868783,1779070868783name,22222
1779070868784,1779070868784name,22222
1779070868785,1779070868785name,22222
1779070868786,1779070868786name,22222
1779070868787,1779070868787name,22222
1779070868788,1779070868788name,22222
1779070868789,1779070868789name,22222
1779070868790,1779070868790name,22222
1779070868791,1779070868791name,22222
1779070868792,1779070868792name,22222
1779070868793,1779070868793name,22222
1779070868794,1779070868794name,22222
1779070868795,1779070868795name,22222
1779070868796,1779070868796name,22222
1779070868797,1779070868797name,22222
1779070868798,1779070868798name,22222
1779070868799,1779070868799name,22222
1779070868800,1779070868800name,22222
1779070868801,1779070868801name,22222
1779070868802,1779070868802name,22222
1779070868803,1779070868803name,22222
1779070868804,1779070868804name,22222
1779070868805,1779070868805name,22222
1779070868806,1779070868806name,22222
1779070868807,1779070868807name,22222
1779070868808,1779070868808name,22222
1779070868809,1779070868809name,22222
1779070868810,1779070868810name,22222
1779070868811,1779070868811name,22222
1779070868812,1779070868812name,22222
1779070868813,1779070868813name,22222
1779070868814,1779070868814name,22222
1779070868815,1779070868815name,22222
1779070868816,1779070868816name,22222
1779070868817,1779070868817name,22222
1779070868818,1779070868818name,22222
1779070868819,1779070868819name,22222
1779070868820,1779070868820name,22222
1779070868821,1779070868821name,22222
1779070868822,1779070868822name,22222
1779070868823,1779070868823name,22222
1779070868824,1779070868824name,22222
1779070868825,1779070868825name,22222
1779070868826,1779070868826name,22222
1779070868827,1779070868827name,22222
1779070868828,1779070868828name,22222
1779070868829,1779070868829name,22222
1779070868830,1779070868830name,22222
1779070868831,1779070868831name,22222
1779070868832,1779070868832name,22222
1779070868833,1779070868833name,22222
1779070868834,1779070868834name,22222
1779070868835,1779070868835name,22222
1779070868836,1779070868836name,22222
1779070868837,1779070868837name,22222
1779070868838,1779070868838name,22222
1779070868839,1779070868839name,22222
1779070868840,1779070868840name,22222
1779070868841,1779070868841name,22222
1779070868842,1779070868842name,22222
1779070868843,1779070868843name,22222
1779070868844,1779070868844name,22222
1779070868845,1779070868845name,22222
1779070868846,1779070868846name,22222
1779070868847,1779070868847name,22222
1779070868848,1779070868848name,22222
1779070868849,1779070868849name,22222
1779070868850,1779070868850name,22222
1779070868851,1779070868851name,22222
1779070868852,1779070868852name,22222
1779070868853,1779070868853name,22222
1779070868854,1779070868854name,22222
1779070868855,1779070868855name,22222
1779070868856,1779070868856name,22222
1779070868857,1779070868857name,22222
1779070868858,1779070868858name,22222
1779070868859,1779070868859name,22222
1779070868860,1779070868860name,22222
1779070868861,1779070868861name,22222
1779070868862,1779070868862name,22222
1779070868863,1779070868863name,22222
1779070868864,1779070868864name,22222
1779070868865,1779070868865name,22222
1779070868866,1779070868866name,22222
1779070868867,1779070868867name,22222
1779070868868,1779070868868name,22222
1779070868869,1779070868869name,22222
1779070868870,1779070868870name,22222
1779070868871,1779070868871name,22222
1779070868872,1779070868872name,22222
1779070868873,1779070868873name,22222
1779070868874,1779070868874name,22222
1779070868875,1779070868875name,22222
1779070868876,1779070868876name,22222
1779070868877,1779070868877name,22222
1779070868878,1779070868878name,22222
1779070868879,1779070868879name,22222
1779070868880,1779070868880name,22222
1779070868881,1779070868881name,22222
1779070868882,1779070868882name,22222
1779070868883,1779070868883name,22222
1779070868884,1779070868884name,22222
1779070868885,1779070868885name,22222
1779070868886,1779070868886name,22222
1779070868887,1779070868887name,22222
1779070868888,1779070868888name,22222
1779070868889,1779070868889name,22222
1779070868890,1779070868890name,22222
1779070868891,1779070868891name,22222
1779070868892,1779070868892name,22222
1779070868893,1779070868893name,22222
1779070868894,1779070868894name,22222
1779070868895,1779070868895name,22222
1779070868896,1779070868896name,22222
1779070868897,1779070868897name,22222
1779070868898,1779070868898name,22222
1779070868899,1779070868899name,22222
1779070868900,1779070868900name,22222
1779070868901,1779070868901name,22222
1779070868902,1779070868902name,22222
1779070868903,1779070868903name,22222
1779070868904,1779070868904name,22222
1779070868905,1779070868905name,22222
1779070868906,1779070868906name,22222
1779070868907,1779070868907name,22222
1779070868908,1779070868908name,22222
1779070868909,1779070868909name,22222
1779070868910,1779070868910name,22222
1779070868911,1779070868911name,22222
1779070868912,1779070868912name,22222
1779070868913,1779070868913name,22222
1779070868914,1779070868914name,22222
1779070868915,1779070868915name,22222
1779070868916,1779070868916name,22222
1779070868917,1779070868917name,22222
1779070868918,1779070868918name,22222
1779070868919,1779070868919name,22222
1779070868920,1779070868920name,22222
1779070868921,1779070868921name,22222
1779070868922,1779070868922name,22222
1779070868923,1779070868923name,22222
1779070868924,1779070868924name,22222
1779070868925,1779070868925name,22222
1779070868926,1779070868926name,22222
1779070868927,1779070868927name,22222
1779070868928,1779070868928name,22222
1779070868929,1779070868929name,22222
1779070868930,1779070868930name,22222
1779070868931,1779070868931name,22222
1779070868932,1779070868932name,22222
1779070868933,1779070868933name,22222
1779070868934,1779070868934name,22222
1779070868935,1779070868935name,22222
1779070868936,1779070868936name,22222
1779070868937,1779070868937name,22222
1779070868938,1779070868938name,22222
1779070868939,1779070868939name,22222
1779070868940,1779070868940name,22222
1779070868941,1779070868941name,22222
1779070868942,1779070868942name,22222
1779070868943,1779070868943name,22222
1779070868944,1779070868944name,22222
1779070868945,1779070868945name,22222
1779070868946,1779070868946name,22222
1779070868947,1779070868947name,22222
1779070868948,1779070868948name,22222
1779070868949,1779070868949name,22222
1779070868950,1779070868950name,22222
1779070868951,1779070868951name,22222
1779070868952,1779070868952name,22222
1779070868953,1779070868953name,22222
1779070868954,1779070868954name,22222
1779070868955,1779070868955name,22222
1779070868956,1779070868956name,22222
1779070868957,1779070868957name,22222
1779070868958,1779070868958name,22222
1779070868959,1779070868959name,22222
1779070868960,1779070868960name,22222
1779070868961,1779070868961name,22222
1779070868962,1779070868962name,22222
1779070868963,1779070868963name,22222
1779070868964,1779070868964name,22222
1779070868965,1779070868965name,22222
1779070868966,1779070868966name,22222
1779070868967,1779070868967name,22222
1779070868968,1779070868968name,22222
1779070868969,1779070868969name,22222
1779070868970,1779070868970name,22222
1779070868971,1779070868971name,22222
1779070868972,1779070868972name,22222
1779070868973,1779070868973name,22222
1779070868974,1779070868974name,22222
1779070868975,1779070868975name,22222
1779070868976,1779070868976name,22222
1779070868977,1779070868977name,22222
1779070868978,1779070868978name,22222
1779070868979,1779070868979name,22222
1779070868980,1779070868980name,22222
1779070868981,1779070868981name,22222
1779070868982,1779070868982name,22222
1779070868983,1779070868983name,22222
1779070868984,1779070868984name,22222
1779070868985,1779070868985name,22222
1779070868986,1779070868986name,22222
1779070868987,1779070868987name,22222
1779070868988,1779070868988name,22222
1779070868989,1779070868989name,22222
1779070868990,1779070868990name,22222
1779070868991,1779070868991name,22222
1779070868992,1779070868992name,22222
1779070868993,1779070868993name,22222
1779070868994,1779070868994name,22222
1779070868995,1779070868995name,22222
1779070868996,1779070868996name,22222
1779070868997,1779070868997name,22222
1779070868998,1779070868998name,22222
1779070868999,1779070868999name,22222
17790708681000,17790708681000name,22222
17790708681001,17790708681001name,22222
17790708681002,17790708681002name,22222
17790708681003,17790708681003name,22222
17790708681004,17790708681004name,22222
17790708681005,17790708681005name,22222
17790708681006,17790708681006name,22222
17790708681007,17790708681007name,22222
17790708681008,17790708681008name,22222
17790708681009,17790708681009name,22222
17790708681010,17790708681010name,22222
17790708681011,17790708681011name,22222
17790708681012,17790708681012name,22222
17790708681013,17790708681013name,22222
17790708681014,17790708681014name,22222
17790708681015,17790708681015name,22222
17790708681016,17790708681016name,22222
17790708681017,17790708681017name,22222
17790708681018,17790708681018name,22222
17790708681019,17790708681019name,22222
17790708681020,17790708681020name,22222
17790708681021,17790708681021name,22222
17790708681022,17790708681022name,22222
17790708681023,17790708681023name,22222
17790708681024,17790708681024name,22222
17790708681025,17790708681025name,22222
17790708681026,17790708681026name,22222
17790708681027,17790708681027name,22222
17790708681028,17790708681028name,22222
17790708681029,17790708681029name,22222
17790708681030,17790708681030name,22222
17790708681031,17790708681031name,22222
17790708681032,17790708681032name,22222
17790708681033,17790708681033name,22222
17790708681034,17790708681034name,22222
17790708681035,17790708681035name,22222
17790708681036,17790708681036name,22222
17790708681037,17790708681037name,22222
17790708681038,17790708681038name,22222
17790708681039,17790708681039name,22222
17790708681040,17790708681040name,22222
17790708681041,17790708681041name,22222
17790708681042,17790708681042name,22222
17790708681043,17790708681043name,22222
17790708681044,17790708681044name,22222
17790708681045,17790708681045name,22222
17790708681046,17790708681046name,22222
17790708681047,17790708681047name,22222
17790708681048,17790708681048name,22222
17790708681049,17790708681049name,22222
17790708681050,17790708681050name,22222
17790708681051,17790708681051name,22222
17790708681052,17790708681052name,22222
17790708681053,17790708681053name,22222
17790708681054,17790708681054name,22222
17790708681055,17790708681055name,22222
17790708681056,17790708681056name,22222
17790708681057,17790708681057name,22222
17790708681058,17790708681058name,22222
17790708681059,17790708681059name,22222
17790708681060,17790708681060name,22222
17790708681061,17790708681061name,22222
17790708681062,17790708681062name,22222
17790708681063,17790708681063name,22222
17790708681064,17790708681064name,22222
17790708681065,17790708681065name,22222
17790708681066,17790708681066name,22222
17790708681067,17790708681067name,22222
17790708681068,17790708681068name,22222
17790708681069,17790708681069name,22222
17790708681070,17790708681070name,22222
17790708681071,17790708681071name,22222
17790708681072,17790708681072name,22222
17790708681073,17790708681073name,22222
17790708681074,17790708681074name,22222
17790708681075,17790708681075name,22222
17790708681076,17790708681076name,22222
17790708681077,17790708681077name,22222
17790708681078,17790708681078name,22222
17790708681079,17790708681079name,22222
17790708681080,17790708681080name,22222
17790708681081,17790708681081name,22222
17790708681082,17790708681082name,22222
17790708681083,17790708681083name,22222
17790708681084,17790708681084name,22222
17790708681085,17790708681085name,22222
17790708681086,17790708681086name,22222
17790708681087,17790708681087name,22222
17790708681088,17790708681088name,22222
17790708681089,17790708681089name,22222
17790708681090,17790708681090name,22222
17790708681091,17790708681091name,22222
17790708681092,17790708681092name,22222
17790708681093,17790708681093name,22222
17790708681094,17790708681094name,22222
17790708681095,17790708681095name,22222
17790708681096,17790708681096name,22222
17790708681097,17790708681097name,22222
17790708681098,17790708681098name,22222
17790708681099,17790708681099name,22222
17790708681100,17790708681100name,22222
17790708681101,17790708681101name,22222
17790708681102,17790708681102name,22222
17790708681103,17790708681103name,22222
17790708681104,17790708681104name,22222
17790708681105,17790708681105name,22222
17790708681106,17790708681106name,22222
17790708681107,17790708681107name,22222
17790708681108,17790708681108name,22222
17790708681109,17790708681109name,22222
17790708681110,17790708681110name,22222
17790708681111,17790708681111name,22222
17790708681112,17790708681112name,22222
17790708681113,17790708681113name,22222
17790708681114,17790708681114name,22222
17790708681115,17790708681115name,22222
17790708681116,17790708681116name,22222
17790708681117,17790708681117name,22222
17790708681118,17790708681118name,22222
17790708681119,17790708681119name,22222
17790708681120,17790708681120name,22222
17790708681121,17790708681121name,22222
17790708681122,17790708681122name,22222
17790708681123,17790708681123name,22222
17790708681124,17790708681124name,22222
17790708681125,17790708681125name,22222
17790708681126,17790708681126name,22222
17790708681127,17790708681127name,22222
17790708681128,17790708681128name,22222
17790708681129,17790708681129name,22222
17790708681130,17790708681130name,22222
17790708681131,17790708681131name,22222
17790708681132,17790708681132name,22222
17790708681133,17790708681133name,22222
17790708681134,17790708681134name,22222
17790708681135,17790708681135name,22222
17790708681136,17790708681136name,22222
17790708681137,17790708681137name,22222
17790708681138,17790708681138name,22222
17790708681139,17790708681139name,22222
17790708681140,17790708681140name,22222
17790708681141,17790708681141name,22222
17790708681142,17790708681142name,22222
17790708681143,17790708681143name,22222
17790708681144,17790708681144name,22222
17790708681145,17790708681145name,22222
17790708681146,17790708681146name,22222
17790708681147,17790708681147name,22222
17790708681148,17790708681148name,22222
17790708681149,17790708681149name,22222
17790708681150,17790708681150name,22222
17790708681151,17790708681151name,22222
17790708681152,17790708681152name,22222
17790708681153,17790708681153name,22222
17790708681154,17790708681154name,22222
17790708681155,17790708681155name,22222
17790708681156,17790708681156name,22222
17790708681157,17790708681157name,22222
17790708681158,17790708681158name,22222
17790708681159,17790708681159name,22222
17790708681160,17790708681160name,22222
17790708681161,17790708681161name,22222
17790708681162,17790708681162name,22222
17790708681163,17790708681163name,22222
17790708681164,17790708681164name,22222
17790708681165,17790708681165name,22222
17790708681166,17790708681166name,22222
17790708681167,17790708681167name,22222
17790708681168,17790708681168name,22222
17790708681169,17790708681169name,22222
17790708681170,17790708681170name,22222
17790708681171,17790708681171name,22222
17790708681172,17790708681172name,22222
17790708681173,17790708681173name,22222
17790708681174,17790708681174name,22222
17790708681175,17790708681175name,22222
17790708681176,17790708681176name,22222
17790708681177,17790708681177name,22222
17790708681178,17790708681178name,22222
17790708681179,17790708681179name,22222
17790708681180,17790708681180name,22222
17790708681181,17790708681181name,22222
17790708681182,17790708681182name,22222
17790708681183,17790708681183name,22222
17790708681184,17790708681184name,22222
17790708681185,17790708681185name,22222
17790708681186,17790708681186name,22222
17790708681187,17790708681187name,22222
17790708681188,17790708681188name,22222
17790708681189,17790708681189name,22222
17790708681190,17790708681190name,22222
17790708681191,17790708681191name,22222
17790708681192,17790708681192name,22222
17790708681193,17790708681193name,22222
17790708681194,17790708681194name,22222
17790708681195,17790708681195name,22222
17790708681196,17790708681196name,22222
17790708681197,17790708681197name,22222
17790708681198,17790708681198name,22222
17790708681199,17790708681199name,22222
17790708681200,17790708681200name,22222
17790708681201,17790708681201name,22222
17790708681202,17790708681202name,22222
17790708681203,17790708681203name,22222
17790708681204,17790708681204name,22222
17790708681205,17790708681205name,22222
17790708681206,17790708681206name,22222
17790708681207,17790708681207name,22222
17790708681208,17790708681208name,22222
17790708681209,17790708681209name,22222
17790708681210,17790708681210name,22222
17790708681211,17790708681211name,22222
17790708681212,17790708681212name,22222
17790708681213,17790708681213name,22222
17790708681214,17790708681214name,22222
17790708681215,17790708681215name,22222
17790708681216,17790708681216name,22222
17790708681217,17790708681217name,22222
17790708681218,17790708681218name,22222
17790708681219,17790708681219name,22222
17790708681220,17790708681220name,22222
17790708681221,17790708681221name,22222
17790708681222,17790708681222name,22222
17790708681223,17790708681223name,22222
17790708681224,17790708681224name,22222
17790708681225,17790708681225name,22222
17790708681226,17790708681226name,22222
17790708681227,17790708681227name,22222
17790708681228,17790708681228name,22222
17790708681229,17790708681229name,22222
17790708681230,17790708681230name,22222
17790708681231,17790708681231name,22222
17790708681232,17790708681232name,22222
17790708681233,17790708681233name,22222
17790708681234,17790708681234name,22222
17790708681235,17790708681235name,22222
17790708681236,17790708681236name,22222
17790708681237,17790708681237name,22222
17790708681238,17790708681238name,22222
17790708681239,17790708681239name,22222
17790708681240,17790708681240name,22222
17790708681241,17790708681241name,22222
17790708681242,17790708681242name,22222
17790708681243,17790708681243name,22222
17790708681244,17790708681244name,22222
17790708681245,17790708681245name,22222
17790708681246,17790708681246name,22222
17790708681247,17790708681247name,22222
17790708681248,17790708681248name,22222
17790708681249,17790708681249name,22222
17790708681250,17790708681250name,22222
17790708681251,17790708681251name,22222
17790708681252,17790708681252name,22222
17790708681253,17790708681253name,22222
17790708681254,17790708681254name,22222
17790708681255,17790708681255name,22222
17790708681256,17790708681256name,22222
17790708681257,17790708681257name,22222
17790708681258,17790708681258name,22222
17790708681259,17790708681259name,22222
17790708681260,17790708681260name,22222
17790708681261,17790708681261name,22222
17790708681262,17790708681262name,22222
17790708681263,17790708681263name,22222
17790708681264,17790708681264name,22222
17790708681265,17790708681265name,22222
17790708681266,17790708681266name,22222
17790708681267,17790708681267name,22222
17790708681268,17790708681268name,22222
17790708681269,17790708681269name,22222
17790708681270,17790708681270name,22222
17790708681271,17790708681271name,22222
17790708681272,17790708681272name,22222
17790708681273,17790708681273name,22222
17790708681274,17790708681274name,22222
17790708681275,17790708681275name,22222
17790708681276,17790708681276name,22222
17790708681277,17790708681277name,22222
17790708681278,17790708681278name,22222
17790708681279,17790708681279name,22222
17790708681280,17790708681280name,22222
17790708681281,17790708681281name,22222
17790708681282,17790708681282name,22222
17790708681283,17790708681283name,22222
17790708681284,17790708681284name,22222
17790708681285,17790708681285name,22222
17790708681286,17790708681286name,22222
17790708681287,17790708681287name,22222
17790708681288,17790708681288name,22222
17790708681289,17790708681289name,22222
17790708681290,17790708681290name,22222
17790708681291,17790708681291name,22222
17790708681292,17790708681292name,22222
17790708681293,17790708681293name,22222
17790708681294,17790708681294name,22222
17790708681295,17790708681295name,22222
17790708681296,17790708681296name,22222
17790708681297,17790708681297name,22222
17790708681298,17790708681298name,22222
17790708681299,17790708681299name,22222
17790708681300,17790708681300name,22222
17790708681301,17790708681301name,22222
17790708681302,17790708681302name,22222
17790708681303,17790708681303name,22222
17790708681304,17790708681304name,22222
17790708681305,17790708681305name,22222
17790708681306,17790708681306name,22222
17790708681307,17790708681307name,22222
17790708681308,17790708681308name,22222
17790708681309,17790708681309name,22222
17790708681310,17790708681310name,22222
17790708681311,17790708681311name,22222
17790708681312,17790708681312name,22222
17790708681313,17790708681313name,22222
17790708681314,17790708681314name,22222
17790708681315,17790708681315name,22222
17790708681316,17790708681316name,22222
17790708681317,17790708681317name,22222
17790708681318,17790708681318name,22222
17790708681319,17790708681319name,22222
17790708681320,17790708681320name,22222
17790708681321,17790708681321name,22222
17790708681322,17790708681322name,22222
17790708681323,17790708681323name,22222
17790708681324,17790708681324name,22222
17790708681325,17790708681325name,22222
17790708681326,17790708681326name,22222
17790708681327,17790708681327name,22222
17790708681328,17790708681328name,22222
17790708681329,17790708681329name,22222
17790708681330,17790708681330name,22222
17790708681331,17790708681331name,22222
17790708681332,17790708681332name,22222
17790708681333,17790708681333name,22222
17790708681334,17790708681334name,22222
17790708681335,17790708681335name,22222
17790708681336,17790708681336name,22222
17790708681337,17790708681337name,22222
17790708681338,17790708681338name,22222
17790708681339,17790708681339name,22222
17790708681340,17790708681340name,22222
17790708681341,17790708681341name,22222
17790708681342,17790708681342name,22222
17790708681343,17790708681343name,22222
17790708681344,17790708681344name,22222
17790708681345,17790708681345name,22222
17790708681346,17790708681346name,22222
17790708681347,17790708681347name,22222
17790708681348,17790708681348name,22222
17790708681349,17790708681349name,22222
17790708681350,17790708681350name,22222
17790708681351,17790708681351name,22222
17790708681352,17790708681352name,22222
17790708681353,17790708681353name,22222
17790708681354,17790708681354name,22222
17790708681355,17790708681355name,22222
17790708681356,17790708681356name,22222
17790708681357,17790708681357name,22222
17790708681358,17790708681358name,22222
17790708681359,17790708681359name,22222
17790708681360,17790708681360name,22222
17790708681361,17790708681361name,22222
17790708681362,17790708681362name,22222
17790708681363,17790708681363name,22222
17790708681364,17790708681364name,22222
17790708681365,17790708681365name,22222
17790708681366,17790708681366name,22222
17790708681367,17790708681367name,22222
17790708681368,17790708681368name,22222
17790708681369,17790708681369name,22222
17790708681370,17790708681370name,22222
17790708681371,17790708681371name,22222
17790708681372,17790708681372name,22222
17790708681373,17790708681373name,22222
17790708681374,17790708681374name,22222
17790708681375,17790708681375name,22222
17790708681376,17790708681376name,22222
17790708681377,17790708681377name,22222
17790708681378,17790708681378name,22222
17790708681379,17790708681379name,22222
17790708681380,17790708681380name,22222
17790708681381,17790708681381name,22222
17790708681382,17790708681382name,22222
17790708681383,17790708681383name,22222
17790708681384,17790708681384name,22222
17790708681385,17790708681385name,22222
17790708681386,17790708681386name,22222
17790708681387,17790708681387name,22222
17790708681388,17790708681388name,22222
17790708681389,17790708681389name,22222
17790708681390,17790708681390name,22222
17790708681391,17790708681391name,22222
17790708681392,17790708681392name,22222
17790708681393,17790708681393name,22222
17790708681394,17790708681394name,22222
17790708681395,17790708681395name,22222
17790708681396,17790708681396name,22222
17790708681397,17790708681397name,22222
17790708681398,17790708681398name,22222
17790708681399,17790708681399name,22222
17790708681400,17790708681400name,22222
17790708681401,17790708681401name,22222
17790708681402,17790708681402name,22222
17790708681403,17790708681403name,22222
17790708681404,17790708681404name,22222
17790708681405,17790708681405name,22222
17790708681406,17790708681406name,22222
17790708681407,17790708681407name,22222
17790708681408,17790708681408name,22222
17790708681409,17790708681409name,22222
17790708681410,17790708681410name,22222
17790708681411,17790708681411name,22222
17790708681412,17790708681412name,22222
17790708681413,17790708681413name,22222
17790708681414,17790708681414name,22222
17790708681415,17790708681415name,22222
17790708681416,17790708681416name,22222
17790708681417,17790708681417name,22222
17790708681418,17790708681418name,22222
17790708681419,17790708681419name,22222
17790708681420,17790708681420name,22222
17790708681421,17790708681421name,22222
17790708681422,17790708681422name,22222
17790708681423,17790708681423name,22222
17790708681424,17790708681424name,22222
17790708681425,17790708681425name,22222
17790708681426,17790708681426name,22222
17790708681427,17790708681427name,22222
17790708681428,17790708681428name,22222
17790708681429,17790708681429name,22222
17790708681430,17790708681430name,22222
17790708681431,17790708681431name,22222
17790708681432,17790708681432name,22222
17790708681433,17790708681433name,22222
17790708681434,17790708681434name,22222
17790708681435,17790708681435name,22222
17790708681436,17790708681436name,22222
17790708681437,17790708681437name,22222
17790708681438,17790708681438name,22222
17790708681439,17790708681439name,22222
17790708681440,17790708681440name,22222
17790708681441,17790708681441name,22222
17790708681442,17790708681442name,22222
17790708681443,17790708681443name,22222
17790708681444,17790708681444name,22222
17790708681445,17790708681445name,22222
17790708681446,17790708681446name,22222
17790708681447,17790708681447name,22222
17790708681448,17790708681448name,22222
17790708681449,17790708681449name,22222
17790708681450,17790708681450name,22222
17790708681451,17790708681451name,22222
17790708681452,17790708681452name,22222
17790708681453,17790708681453name,22222
17790708681454,17790708681454name,22222
17790708681455,17790708681455name,22222
17790708681456,17790708681456name,22222
17790708681457,17790708681457name,22222
17790708681458,17790708681458name,22222
17790708681459,17790708681459name,22222
17790708681460,17790708681460name,22222
17790708681461,17790708681461name,22222
17790708681462,17790708681462name,22222
17790708681463,17790708681463name,22222
17790708681464,17790708681464name,22222
17790708681465,17790708681465name,22222
17790708681466,17790708681466name,22222
17790708681467,17790708681467name,22222
17790708681468,17790708681468name,22222
17790708681469,17790708681469name,22222
17790708681470,17790708681470name,22222
17790708681471,17790708681471name,22222
17790708681472,17790708681472name,22222
17790708681473,17790708681473name,22222
17790708681474,17790708681474name,22222
17790708681475,17790708681475name,22222
17790708681476,17790708681476name,22222
17790708681477,17790708681477name,22222
17790708681478,17790708681478name,22222
17790708681479,17790708681479name,22222
17790708681480,17790708681480name,22222
17790708681481,17790708681481name,22222
17790708681482,17790708681482name,22222
17790708681483,17790708681483name,22222
17790708681484,17790708681484name,22222
17790708681485,17790708681485name,22222
17790708681486,17790708681486name,22222
17790708681487,17790708681487name,22222
17790708681488,17790708681488name,22222
17790708681489,17790708681489name,22222
17790708681490,17790708681490name,22222
17790708681491,17790708681491name,22222
17790708681492,17790708681492name,22222
17790708681493,17790708681493name,22222
17790708681494,17790708681494name,22222
17790708681495,17790708681495name,22222
17790708681496,17790708681496name,22222
17790708681497,17790708681497name,22222
17790708681498,17790708681498name,22222
17790708681499,17790708681499name,22222
17790708681500,17790708681500name,22222
17790708681501,17790708681501name,22222
17790708681502,17790708681502name,22222
17790708681503,17790708681503name,22222
17790708681504,17790708681504name,22222
17790708681505,17790708681505name,22222
17790708681506,17790708681506name,22222
17790708681507,17790708681507name,22222
17790708681508,17790708681508name,22222
17790708681509,17790708681509name,22222
17790708681510,17790708681510name,22222
17790708681511,17790708681511name,22222
17790708681512,17790708681512name,22222
17790708681513,17790708681513name,22222
17790708681514,17790708681514name,22222
17790708681515,17790708681515name,22222
17790708681516,17790708681516name,22222
17790708681517,17790708681517name,22222
17790708681518,17790708681518name,22222
17790708681519,17790708681519name,22222
17790708681520,17790708681520name,22222
17790708681521,17790708681521name,22222
17790708681522,17790708681522name,22222
17790708681523,17790708681523name,22222
17790708681524,17790708681524name,22222
17790708681525,17790708681525name,22222
17790708681526,17790708681526name,22222
17790708681527,17790708681527name,22222
17790708681528,17790708681528name,22222
17790708681529,17790708681529name,22222
17790708681530,17790708681530name,22222
17790708681531,17790708681531name,22222
17790708681532,17790708681532name,22222
17790708681533,17790708681533name,22222
17790708681534,17790708681534name,22222
17790708681535,17790708681535name,22222
17790708681536,17790708681536name,22222
17790708681537,17790708681537name,22222
17790708681538,17790708681538name,22222
17790708681539,17790708681539name,22222
17790708681540,17790708681540name,22222
17790708681541,17790708681541name,22222
17790708681542,17790708681542name,22222
17790708681543,17790708681543name,22222
17790708681544,17790708681544name,22222
17790708681545,17790708681545name,22222
17790708681546,17790708681546name,22222
17790708681547,17790708681547name,22222
17790708681548,17790708681548name,22222
17790708681549,17790708681549name,22222
17790708681550,17790708681550name,22222
17790708681551,17790708681551name,22222
17790708681552,17790708681552name,22222
17790708681553,17790708681553name,22222
17790708681554,17790708681554name,22222
17790708681555,17790708681555name,22222
17790708681556,17790708681556name,22222
17790708681557,17790708681557name,22222
17790708681558,17790708681558name,22222
17790708681559,17790708681559name,22222
17790708681560,17790708681560name,22222
17790708681561,17790708681561name,22222
17790708681562,17790708681562name,22222
17790708681563,17790708681563name,22222
17790708681564,17790708681564name,22222
17790708681565,17790708681565name,22222
17790708681566,17790708681566name,22222
17790708681567,17790708681567name,22222
17790708681568,17790708681568name,22222
17790708681569,17790708681569name,22222
17790708681570,17790708681570name,22222
17790708681571,17790708681571name,22222
17790708681572,17790708681572name,22222
17790708681573,17790708681573name,22222
17790708681574,17790708681574name,22222
17790708681575,17790708681575name,22222
17790708681576,17790708681576name,22222
17790708681577,17790708681577name,22222
17790708681578,17790708681578name,22222
17790708681579,17790708681579name,22222
17790708681580,17790708681580name,22222
17790708681581,17790708681581name,22222
17790708681582,17790708681582name,22222
17790708681583,17790708681583name,22222
17790708681584,17790708681584name,22222
17790708681585,17790708681585name,22222
17790708681586,17790708681586name,22222
17790708681587,17790708681587name,22222
17790708681588,17790708681588name,22222
17790708681589,17790708681589name,22222
17790708681590,17790708681590name,22222
17790708681591,17790708681591name,22222
17790708681592,17790708681592name,22222
17790708681593,17790708681593name,22222
17790708681594,17790708681594name,22222
17790708681595,17790708681595name,22222
17790708681596,17790708681596name,22222
17790708681597,17790708681597name,22222
17790708681598,17790708681598name,22222
17790708681599,17790708681599name,22222
17790708681600,17790708681600name,22222
17790708681601,17790708681601name,22222
17790708681602,17790708681602name,22222
17790708681603,17790708681603name,22222
17790708681604,17790708681604name,22222
17790708681605,17790708681605name,22222
17790708681606,17790708681606name,22222
17790708681607,17790708681607name,22222
17790708681608,17790708681608name,22222
17790708681609,17790708681609name,22222
17790708681610,17790708681610name,22222
17790708681611,17790708681611name,22222
17790708681612,17790708681612name,22222
17790708681613,17790708681613name,22222
17790708681614,17790708681614name,22222
17790708681615,17790708681615name,22222
17790708681616,17790708681616name,22222
17790708681617,17790708681617name,22222
17790708681618,17790708681618name,22222
17790708681619,17790708681619name,22222
17790708681620,17790708681620name,22222
17790708681621,17790708681621name,22222
17790708681622,17790708681622name,22222
17790708681623,17790708681623name,22222
17790708681624,17790708681624name,22222
17790708681625,17790708681625name,22222
17790708681626,17790708681626name,22222
17790708681627,17790708681627name,22222
17790708681628,17790708681628name,22222
17790708681629,17790708681629name,22222
17790708681630,17790708681630name,22222
17790708681631,17790708681631name,22222
17790708681632,17790708681632name,22222
17790708681633,17790708681633name,22222
17790708681634,17790708681634name,22222
17790708681635,17790708681635name,22222
17790708681636,17790708681636name,22222
17790708681637,17790708681637name,22222
17790708681638,17790708681638name,22222
17790708681639,17790708681639name,22222
17790708681640,17790708681640name,22222
17790708681641,17790708681641name,22222
17790708681642,17790708681642name,22222
17790708681643,17790708681643name,22222
17790708681644,17790708681644name,22222
17790708681645,17790708681645name,22222
17790708681646,17790708681646name,22222
17790708681647,17790708681647name,22222
17790708681648,17790708681648name,22222
17790708681649,17790708681649name,22222
17790708681650,17790708681650name,22222
17790708681651,17790708681651name,22222
17790708681652,17790708681652name,22222
17790708681653,17790708681653name,22222
17790708681654,17790708681654name,22222
17790708681655,17790708681655name,22222
17790708681656,17790708681656name,22222
17790708681657,17790708681657name,22222
17790708681658,17790708681658name,22222
17790708681659,17790708681659name,22222
17790708681660,17790708681660name,22222
17790708681661,17790708681661name,22222
17790708681662,17790708681662name,22222
17790708681663,17790708681663name,22222
17790708681664,17790708681664name,22222
17790708681665,17790708681665name,22222
17790708681666,17790708681666name,22222
17790708681667,17790708681667name,22222
17790708681668,17790708681668name,22222
17790708681669,17790708681669name,22222
17790708681670,17790708681670name,22222
17790708681671,17790708681671name,22222
17790708681672,17790708681672name,22222
17790708681673,17790708681673name,22222
17790708681674,17790708681674name,22222
17790708681675,17790708681675name,22222
17790708681676,17790708681676name,22222
17790708681677,17790708681677name,22222
17790708681678,17790708681678name,22222
17790708681679,17790708681679name,22222
17790708681680,17790708681680name,22222
17790708681681,17790708681681name,22222
17790708681682,17790708681682name,22222
17790708681683,17790708681683name,22222
17790708681684,17790708681684name,22222
17790708681685,17790708681685name,22222
17790708681686,17790708681686name,22222
17790708681687,17790708681687name,22222
17790708681688,17790708681688name,22222
17790708681689,17790708681689name,22222
17790708681690,17790708681690name,22222
17790708681691,17790708681691name,22222
17790708681692,17790708681692name,22222
17790708681693,17790708681693name,22222
17790708681694,17790708681694name,22222
17790708681695,17790708681695name,22222
17790708681696,17790708681696name,22222
17790708681697,17790708681697name,22222
17790708681698,17790708681698name,22222
17790708681699,17790708681699name,22222
17790708681700,17790708681700name,22222
17790708681701,17790708681701name,22222
17790708681702,17790708681702name,22222
17790708681703,17790708681703name,22222
17790708681704,17790708681704name,22222
17790708681705,17790708681705name,22222
17790708681706,17790708681706name,22222
17790708681707,17790708681707name,22222
17790708681708,17790708681708name,22222
17790708681709,17790708681709name,22222
17790708681710,17790708681710name,22222
17790708681711,17790708681711name,22222
17790708681712,17790708681712name,22222
17790708681713,17790708681713name,22222
17790708681714,17790708681714name,22222
17790708681715,17790708681715name,22222
17790708681716,17790708681716name,22222
17790708681717,17790708681717name,22222
17790708681718,17790708681718name,22222
17790708681719,17790708681719name,22222
17790708681720,17790708681720name,22222
17790708681721,17790708681721name,22222
17790708681722,17790708681722name,22222
17790708681723,17790708681723name,22222
17790708681724,17790708681724name,22222
17790708681725,17790708681725name,22222
17790708681726,17790708681726name,22222
17790708681727,17790708681727name,22222
17790708681728,17790708681728name,22222
17790708681729,17790708681729name,22222
17790708681730,17790708681730name,22222
17790708681731,17790708681731name,22222
17790708681732,17790708681732name,22222
17790708681733,17790708681733name,22222
17790708681734,17790708681734name,22222
17790708681735,17790708681735name,22222
17790708681736,17790708681736name,22222
17790708681737,17790708681737name,22222
17790708681738,17790708681738name,22222
17790708681739,17790708681739name,22222
17790708681740,17790708681740name,22222
17790708681741,17790708681741name,22222
17790708681742,17790708681742name,22222
17790708681743,17790708681743name,22222
17790708681744,17790708681744name,22222
17790708681745,17790708681745name,22222
17790708681746,17790708681746name,22222
17790708681747,17790708681747name,22222
17790708681748,17790708681748name,22222
17790708681749,17790708681749name,22222
17790708681750,17790708681750name,22222
17790708681751,17790708681751name,22222
17790708681752,17790708681752name,22222
17790708681753,17790708681753name,22222
17790708681754,17790708681754name,22222
17790708681755,17790708681755name,22222
17790708681756,17790708681756name,22222
17790708681757,17790708681757name,22222
17790708681758,17790708681758name,22222
17790708681759,17790708681759name,22222
17790708681760,17790708681760name,22222
17790708681761,17790708681761name,22222
17790708681762,17790708681762name,22222
17790708681763,17790708681763name,22222
17790708681764,17790708681764name,22222
17790708681765,17790708681765name,22222
17790708681766,17790708681766name,22222
17790708681767,17790708681767name,22222
17790708681768,17790708681768name,22222
17790708681769,17790708681769name,22222
17790708681770,17790708681770name,22222
17790708681771,17790708681771name,22222
17790708681772,17790708681772name,22222
17790708681773,17790708681773name,22222
17790708681774,17790708681774name,22222
17790708681775,17790708681775name,22222
17790708681776,17790708681776name,22222
17790708681777,17790708681777name,22222
17790708681778,17790708681778name,22222
17790708681779,17790708681779name,22222
17790708681780,17790708681780name,22222
17790708681781,17790708681781name,22222
17790708681782,17790708681782name,22222
17790708681783,17790708681783name,22222
17790708681784,17790708681784name,22222
17790708681785,17790708681785name,22222
17790708681786,17790708681786name,22222
17790708681787,17790708681787name,22222
17790708681788,17790708681788name,22222
17790708681789,17790708681789name,22222
17790708681790,17790708681790name,22222
17790708681791,17790708681791name,22222
17790708681792,17790708681792name,22222
17790708681793,17790708681793name,22222
17790708681794,17790708681794name,22222
17790708681795,17790708681795name,22222
17790708681796,17790708681796name,22222
17790708681797,17790708681797name,22222
17790708681798,17790708681798name,22222
17790708681799,17790708681799name,22222
17790708681800,17790708681800name,22222
17790708681801,17790708681801name,22222
17790708681802,17790708681802name,22222
17790708681803,17790708681803name,22222
17790708681804,17790708681804name,22222
17790708681805,17790708681805name,22222
17790708681806,17790708681806name,22222
17790708681807,17790708681807name,22222
17790708681808,17790708681808name,22222
17790708681809,17790708681809name,22222
17790708681810,17790708681810name,22222
17790708681811,17790708681811name,22222
17790708681812,17790708681812name,22222
17790708681813,17790708681813name,22222
17790708681814,17790708681814name,22222
17790708681815,17790708681815name,22222
17790708681816,17790708681816name,22222
17790708681817,17790708681817name,22222
17790708681818,17790708681818name,22222
17790708681819,17790708681819name,22222
17790708681820,17790708681820name,22222
17790708681821,17790708681821name,22222
17790708681822,17790708681822name,22222
17790708681823,17790708681823name,22222
17790708681824,17790708681824name,22222
17790708681825,17790708681825name,22222
17790708681826,17790708681826name,22222
17790708681827,17790708681827name,22222
17790708681828,17790708681828name,22222
17790708681829,17790708681829name,22222
17790708681830,17790708681830name,22222
17790708681831,17790708681831name,22222
17790708681832,17790708681832name,22222
17790708681833,17790708681833name,22222
17790708681834,17790708681834name,22222
17790708681835,17790708681835name,22222
17790708681836,17790708681836name,22222
17790708681837,17790708681837name,22222
17790708681838,17790708681838name,22222
17790708681839,17790708681839name,22222
17790708681840,17790708681840name,22222
17790708681841,17790708681841name,22222
17790708681842,17790708681842name,22222
17790708681843,17790708681843name,22222
17790708681844,17790708681844name,22222
17790708681845,17790708681845name,22222
17790708681846,17790708681846name,22222
17790708681847,17790708681847name,22222
17790708681848,17790708681848name,22222
17790708681849,17790708681849name,22222
17790708681850,17790708681850name,22222
17790708681851,17790708681851name,22222
17790708681852,17790708681852name,22222
17790708681853,17790708681853name,22222
17790708681854,17790708681854name,22222
17790708681855,17790708681855name,22222
17790708681856,17790708681856name,22222
17790708681857,17790708681857name,22222
17790708681858,17790708681858name,22222
17790708681859,17790708681859name,22222
17790708681860,17790708681860name,22222
17790708681861,17790708681861name,22222
17790708681862,17790708681862name,22222
17790708681863,17790708681863name,22222
17790708681864,17790708681864name,22222
17790708681865,17790708681865name,22222
17790708681866,17790708681866name,22222
17790708681867,17790708681867name,22222
17790708681868,17790708681868name,22222
17790708681869,17790708681869name,22222
17790708681870,17790708681870name,22222
17790708681871,17790708681871name,22222
17790708681872,17790708681872name,22222
17790708681873,17790708681873name,22222
17790708681874,17790708681874name,22222
17790708681875,17790708681875name,22222
17790708681876,17790708681876name,22222
17790708681877,17790708681877name,22222
17790708681878,17790708681878name,22222
17790708681879,17790708681879name,22222
17790708681880,17790708681880name,22222
17790708681881,17790708681881name,22222
17790708681882,17790708681882name,22222
17790708681883,17790708681883name,22222
17790708681884,17790708681884name,22222
17790708681885,17790708681885name,22222
17790708681886,17790708681886name,22222
17790708681887,17790708681887name,22222
17790708681888,17790708681888name,22222
17790708681889,17790708681889name,22222
17790708681890,17790708681890name,22222
17790708681891,17790708681891name,22222
17790708681892,17790708681892name,22222
17790708681893,17790708681893name,22222
17790708681894,17790708681894name,22222
17790708681895,17790708681895name,22222
17790708681896,17790708681896name,22222
17790708681897,17790708681897name,22222
17790708681898,17790708681898name,22222
17790708681899,17790708681899name,22222
17790708681900,17790708681900name,22222
17790708681901,17790708681901name,22222
17790708681902,17790708681902name,22222
17790708681903,17790708681903name,22222
17790708681904,17790708681904name,22222
17790708681905,17790708681905name,22222
17790708681906,17790708681906name,22222
17790708681907,17790708681907name,22222
17790708681908,17790708681908name,22222
17790708681909,17790708681909name,22222
17790708681910,17790708681910name,22222
17790708681911,17790708681911name,22222
17790708681912,17790708681912name,22222
17790708681913,17790708681913name,22222
17790708681914,17790708681914name,22222
17790708681915,17790708681915name,22222
17790708681916,17790708681916name,22222
17790708681917,17790708681917name,22222
17790708681918,17790708681918name,22222
17790708681919,17790708681919name,22222
17790708681920,17790708681920name,22222
17790708681921,17790708681921name,22222
17790708681922,17790708681922name,22222
17790708681923,17790708681923name,22222
17790708681924,17790708681924name,22222
17790708681925,17790708681925name,22222
17790708681926,17790708681926name,22222
17790708681927,17790708681927name,22222
17790708681928,17790708681928name,22222
17790708681929,17790708681929name,22222
17790708681930,17790708681930name,22222
17790708681931,17790708681931name,22222
17790708681932,17790708681932name,22222
17790708681933,17790708681933name,22222
17790708681934,17790708681934name,22222
17790708681935,17790708681935name,22222
17790708681936,17790708681936name,22222
17790708681937,17790708681937name,22222
17790708681938,17790708681938name,22222
17790708681939,17790708681939name,22222
17790708681940,17790708681940name,22222
17790708681941,17790708681941name,22222
17790708681942,17790708681942name,22222
17790708681943,17790708681943name,22222
17790708681944,17790708681944name,22222
17790708681945,17790708681945name,22222
17790708681946,17790708681946name,22222
17790708681947,17790708681947name,22222
17790708681948,17790708681948name,22222
17790708681949,17790708681949name,22222
17790708681950,17790708681950name,22222
17790708681951,17790708681951name,22222
17790708681952,17790708681952name,22222
17790708681953,17790708681953name,22222
17790708681954,17790708681954name,22222
17790708681955,17790708681955name,22222
17790708681956,17790708681956name,22222
17790708681957,17790708681957name,22222
17790708681958,17790708681958name,22222
17790708681959,17790708681959name,22222
17790708681960,17790708681960name,22222
17790708681961,17790708681961name,22222
17790708681962,17790708681962name,22222
17790708681963,17790708681963name,22222
17790708681964,17790708681964name,22222
17790708681965,17790708681965name,22222
17790708681966,17790708681966name,22222
17790708681967,17790708681967name,22222
17790708681968,17790708681968name,22222
17790708681969,17790708681969name,22222
17790708681970,17790708681970name,22222
17790708681971,17790708681971name,22222
17790708681972,17790708681972name,22222
17790708681973,17790708681973name,22222
17790708681974,17790708681974name,22222
17790708681975,17790708681975name,22222
17790708681976,17790708681976name,22222
17790708681977,17790708681977name,22222
17790708681978,17790708681978name,22222
17790708681979,17790708681979name,22222
17790708681980,17790708681980name,22222
17790708681981,17790708681981name,22222
17790708681982,17790708681982name,22222
17790708681983,17790708681983name,22222
17790708681984,17790708681984name,22222
17790708681985,17790708681985name,22222
17790708681986,17790708681986name,22222
17790708681987,17790708681987name,22222
17790708681988,17790708681988name,22222
17790708681989,17790708681989name,22222
17790708681990,17790708681990name,22222
17790708681991,17790708681991name,22222
17790708681992,17790708681992name,22222
17790708681993,17790708681993name,22222
17790708681994,17790708681994name,22222
17790708681995,17790708681995name,22222
17790708681996,17790708681996name,22222
17790708681997,17790708681997name,22222
17790708681998,17790708681998name,22222
17790708681999,17790708681999name,22222
17790708682000,17790708682000name,22222
17790708682001,17790708682001name,22222
17790708682002,17790708682002name,22222
17790708682003,17790708682003name,22222
17790708682004,17790708682004name,22222
17790708682005,17790708682005name,22222
17790708682006,17790708682006name,22222
17790708682007,17790708682007name,22222
17790708682008,17790708682008name,22222
17790708682009,17790708682009name,22222
17790708682010,17790708682010name,22222
17790708682011,17790708682011name,22222
17790708682012,17790708682012name,22222
17790708682013,17790708682013name,22222
17790708682014,17790708682014name,22222
17790708682015,17790708682015name,22222
17790708682016,17790708682016name,22222
17790708682017,17790708682017name,22222
17790708682018,17790708682018name,22222
17790708682019,17790708682019name,22222
17790708682020,17790708682020name,22222
17790708682021,17790708682021name,22222
17790708682022,17790708682022name,22222
17790708682023,17790708682023name,22222
17790708682024,17790708682024name,22222
17790708682025,17790708682025name,22222
17790708682026,17790708682026name,22222
17790708682027,17790708682027name,22222
17790708682028,17790708682028name,22222
17790708682029,17790708682029name,22222
17790708682030,17790708682030name,22222
17790708682031,17790708682031name,22222
17790708682032,17790708682032name,22222
17790708682033,17790708682033name,22222
17790708682034,17790708682034name,22222
17790708682035,17790708682035name,22222
17790708682036,17790708682036name,22222
17790708682037,17790708682037name,22222
17790708682038,17790708682038name,22222
17790708682039,17790708682039name,22222
17790708682040,17790708682040name,22222
17790708682041,17790708682041name,22222
17790708682042,17790708682042name,22222
17790708682043,17790708682043name,22222
17790708682044,17790708682044name,22222
17790708682045,17790708682045name,22222
17790708682046,17790708682046name,22222
17790708682047,17790708682047name,22222
17790708682048,17790708682048name,22222
17790708682049,17790708682049name,22222
17790708682050,17790708682050name,22222
17790708682051,17790708682051name,22222
17790708682052,17790708682052name,22222
17790708682053,17790708682053name,22222
17790708682054,17790708682054name,22222
17790708682055,17790708682055name,22222
17790708682056,17790708682056name,22222
17790708682057,17790708682057name,22222
17790708682058,17790708682058name,22222
17790708682059,17790708682059name,22222
17790708682060,17790708682060name,22222
17790708682061,17790708682061name,22222
17790708682062,17790708682062name,22222
17790708682063,17790708682063name,22222
17790708682064,17790708682064name,22222
17790708682065,17790708682065name,22222
17790708682066,17790708682066name,22222
17790708682067,17790708682067name,22222
17790708682068,17790708682068name,22222
17790708682069,17790708682069name,22222
17790708682070,17790708682070name,22222
17790708682071,17790708682071name,22222
17790708682072,17790708682072name,22222
17790708682073,17790708682073name,22222
17790708682074,17790708682074name,22222
17790708682075,17790708682075name,22222
17790708682076,17790708682076name,22222
17790708682077,17790708682077name,22222
17790708682078,17790708682078name,22222
17790708682079,17790708682079name,22222
17790708682080,17790708682080name,22222
17790708682081,17790708682081name,22222
17790708682082,17790708682082name,22222
17790708682083,17790708682083name,22222
17790708682084,17790708682084name,22222
17790708682085,17790708682085name,22222
17790708682086,17790708682086name,22222
17790708682087,17790708682087name,22222
17790708682088,17790708682088name,22222
17790708682089,17790708682089name,22222
17790708682090,17790708682090name,22222
17790708682091,17790708682091name,22222
17790708682092,17790708682092name,22222
17790708682093,17790708682093name,22222
17790708682094,17790708682094name,22222
17790708682095,17790708682095name,22222
17790708682096,17790708682096name,22222
17790708682097,17790708682097name,22222
17790708682098,17790708682098name,22222
17790708682099,17790708682099name,22222
17790708682100,17790708682100name,22222
17790708682101,17790708682101name,22222
17790708682102,17790708682102name,22222
17790708682103,17790708682103name,22222
17790708682104,17790708682104name,22222
17790708682105,17790708682105name,22222
17790708682106,17790708682106name,22222
17790708682107,17790708682107name,22222
17790708682108,17790708682108name,22222
17790708682109,17790708682109name,22222
17790708682110,17790708682110name,22222
17790708682111,17790708682111name,22222
17790708682112,17790708682112name,22222
17790708682113,17790708682113name,22222
17790708682114,17790708682114name,22222
17790708682115,17790708682115name,22222
17790708682116,17790708682116name,22222
17790708682117,17790708682117name,22222
17790708682118,17790708682118name,22222
17790708682119,17790708682119name,22222
17790708682120,17790708682120name,22222
17790708682121,17790708682121name,22222
17790708682122,17790708682122name,22222
17790708682123,17790708682123name,22222
17790708682124,17790708682124name,22222
17790708682125,17790708682125name,22222
17790708682126,17790708682126name,22222
17790708682127,17790708682127name,22222
17790708682128,17790708682128name,22222
17790708682129,17790708682129name,22222
17790708682130,17790708682130name,22222
17790708682131,17790708682131name,22222
17790708682132,17790708682132name,22222
17790708682133,17790708682133name,22222
17790708682134,17790708682134name,22222
17790708682135,17790708682135name,22222
17790708682136,17790708682136name,22222
17790708682137,17790708682137name,22222
17790708682138,17790708682138name,22222
17790708682139,17790708682139name,22222
17790708682140,17790708682140name,22222
17790708682141,17790708682141name,22222
17790708682142,17790708682142name,22222
17790708682143,17790708682143name,22222
17790708682144,17790708682144name,22222
17790708682145,17790708682145name,22222
17790708682146,17790708682146name,22222
17790708682147,17790708682147name,22222
17790708682148,17790708682148name,22222
17790708682149,17790708682149name,22222
17790708682150,17790708682150name,22222
17790708682151,17790708682151name,22222
17790708682152,17790708682152name,22222
17790708682153,17790708682153name,22222
17790708682154,17790708682154name,22222
17790708682155,17790708682155name,22222
17790708682156,17790708682156name,22222
17790708682157,17790708682157name,22222
17790708682158,17790708682158name,22222
17790708682159,17790708682159name,22222
17790708682160,17790708682160name,22222
17790708682161,17790708682161name,22222
17790708682162,17790708682162name,22222
17790708682163,17790708682163name,22222
17790708682164,17790708682164name,22222
17790708682165,17790708682165name,22222
17790708682166,17790708682166name,22222
17790708682167,17790708682167name,22222
17790708682168,17790708682168name,22222
17790708682169,17790708682169name,22222
17790708682170,17790708682170name,22222
17790708682171,17790708682171name,22222
17790708682172,17790708682172name,22222
17790708682173,17790708682173name,22222
17790708682174,17790708682174name,22222
17790708682175,17790708682175name,22222
17790708682176,17790708682176name,22222
17790708682177,17790708682177name,22222
17790708682178,17790708682178name,22222
17790708682179,17790708682179name,22222
17790708682180,17790708682180name,22222
17790708682181,17790708682181name,22222
17790708682182,17790708682182name,22222
17790708682183,17790708682183name,22222
17790708682184,17790708682184name,22222
17790708682185,17790708682185name,22222
17790708682186,17790708682186name,22222
17790708682187,17790708682187name,22222
17790708682188,17790708682188name,22222
17790708682189,17790708682189name,22222
17790708682190,17790708682190name,22222
17790708682191,17790708682191name,22222
17790708682192,17790708682192name,22222
17790708682193,17790708682193name,22222
17790708682194,17790708682194name,22222
17790708682195,17790708682195name,22222
17790708682196,17790708682196name,22222
17790708682197,17790708682197name,22222
17790708682198,17790708682198name,22222
17790708682199,17790708682199name,22222
17790708682200,17790708682200name,22222
17790708682201,17790708682201name,22222
17790708682202,17790708682202name,22222
17790708682203,17790708682203name,22222
17790708682204,17790708682204name,22222
17790708682205,17790708682205name,22222
17790708682206,17790708682206name,22222
17790708682207,17790708682207name,22222
17790708682208,17790708682208name,22222
17790708682209,17790708682209name,22222
17790708682210,17790708682210name,22222
17790708682211,17790708682211name,22222
17790708682212,17790708682212name,22222
17790708682213,17790708682213name,22222
17790708682214,17790708682214name,22222
17790708682215,17790708682215name,22222
17790708682216,17790708682216name,22222
17790708682217,17790708682217name,22222
17790708682218,17790708682218name,22222
17790708682219,17790708682219name,22222
17790708682220,17790708682220name,22222
17790708682221,17790708682221name,22222
17790708682222,17790708682222name,22222
17790708682223,17790708682223name,22222
17790708682224,17790708682224name,22222
17790708682225,17790708682225name,22222
17790708682226,17790708682226name,22222
17790708682227,17790708682227name,22222
17790708682228,17790708682228name,22222
17790708682229,17790708682229name,22222
17790708682230,17790708682230name,22222
17790708682231,17790708682231name,22222
17790708682232,17790708682232name,22222
17790708682233,17790708682233name,22222
17790708682234,17790708682234name,22222
17790708682235,17790708682235name,22222
17790708682236,17790708682236name,22222
17790708682237,17790708682237name,22222
17790708682238,17790708682238name,22222
17790708682239,17790708682239name,22222
17790708682240,17790708682240name,22222
17790708682241,17790708682241name,22222
17790708682242,17790708682242name,22222
17790708682243,17790708682243name,22222
17790708682244,17790708682244name,22222
17790708682245,17790708682245name,22222
17790708682246,17790708682246name,22222
17790708682247,17790708682247name,22222
17790708682248,17790708682248name,22222
17790708682249,17790708682249name,22222
17790708682250,17790708682250name,22222
17790708682251,17790708682251name,22222
17790708682252,17790708682252name,22222
17790708682253,17790708682253name,22222
17790708682254,17790708682254name,22222
17790708682255,17790708682255name,22222
17790708682256,17790708682256name,22222
17790708682257,17790708682257name,22222
17790708682258,17790708682258name,22222
17790708682259,17790708682259name,22222
17790708682260,17790708682260name,22222
17790708682261,17790708682261name,22222
17790708682262,17790708682262name,22222
17790708682263,17790708682263name,22222
17790708682264,17790708682264name,22222
17790708682265,17790708682265name,22222
17790708682266,17790708682266name,22222
17790708682267,17790708682267name,22222
17790708682268,17790708682268name,22222
17790708682269,17790708682269name,22222
17790708682270,17790708682270name,22222
17790708682271,17790708682271name,22222
17790708682272,17790708682272name,22222
17790708682273,17790708682273name,22222
17790708682274,17790708682274name,22222
17790708682275,17790708682275name,22222
17790708682276,17790708682276name,22222
17790708682277,17790708682277name,22222
17790708682278,17790708682278name,22222
17790708682279,17790708682279name,22222
17790708682280,17790708682280name,22222
17790708682281,17790708682281name,22222
17790708682282,17790708682282name,22222
17790708682283,17790708682283name,22222
17790708682284,17790708682284name,22222
17790708682285,17790708682285name,22222
17790708682286,17790708682286name,22222
17790708682287,17790708682287name,22222
17790708682288,17790708682288name,22222
17790708682289,17790708682289name,22222
17790708682290,17790708682290name,22222
17790708682291,17790708682291name,22222
17790708682292,17790708682292name,22222
17790708682293,17790708682293name,22222
17790708682294,17790708682294name,22222
17790708682295,17790708682295name,22222
17790708682296,17790708682296name,22222
17790708682297,17790708682297name,22222
17790708682298,17790708682298name,22222
17790708682299,17790708682299name,22222
17790708682300,17790708682300name,22222
17790708682301,17790708682301name,22222
17790708682302,17790708682302name,22222
17790708682303,17790708682303name,22222
17790708682304,17790708682304name,22222
17790708682305,17790708682305name,22222
17790708682306,17790708682306name,22222
17790708682307,17790708682307name,22222
17790708682308,17790708682308name,22222
17790708682309,17790708682309name,22222
17790708682310,17790708682310name,22222
17790708682311,17790708682311name,22222
17790708682312,17790708682312name,22222
17790708682313,17790708682313name,22222
17790708682314,17790708682314name,22222
17790708682315,17790708682315name,22222
17790708682316,17790708682316name,22222
17790708682317,17790708682317name,22222
17790708682318,17790708682318name,22222
17790708682319,17790708682319name,22222
17790708682320,17790708682320name,22222
17790708682321,17790708682321name,22222
17790708682322,17790708682322name,22222
17790708682323,17790708682323name,22222
17790708682324,17790708682324name,22222
17790708682325,17790708682325name,22222
17790708682326,17790708682326name,22222
17790708682327,17790708682327name,22222
17790708682328,17790708682328name,22222
17790708682329,17790708682329name,22222
17790708682330,17790708682330name,22222
17790708682331,17790708682331name,22222
17790708682332,17790708682332name,22222
17790708682333,17790708682333name,22222
17790708682334,17790708682334name,22222
17790708682335,17790708682335name,22222
17790708682336,17790708682336name,22222
17790708682337,17790708682337name,22222
17790708682338,17790708682338name,22222
17790708682339,17790708682339name,22222
17790708682340,17790708682340name,22222
17790708682341,17790708682341name,22222
17790708682342,17790708682342name,22222
17790708682343,17790708682343name,22222
17790708682344,17790708682344name,22222
17790708682345,17790708682345name,22222
17790708682346,17790708682346name,22222
17790708682347,17790708682347name,22222
17790708682348,17790708682348name,22222
17790708682349,17790708682349name,22222
17790708682350,17790708682350name,22222
17790708682351,17790708682351name,22222
17790708682352,17790708682352name,22222
17790708682353,17790708682353name,22222
17790708682354,17790708682354name,22222
17790708682355,17790708682355name,22222
17790708682356,17790708682356name,22222
17790708682357,17790708682357name,22222
17790708682358,17790708682358name,22222
17790708682359,17790708682359name,22222
17790708682360,17790708682360name,22222
17790708682361,17790708682361name,22222
17790708682362,17790708682362name,22222
17790708682363,17790708682363name,22222
17790708682364,17790708682364name,22222
17790708682365,17790708682365name,22222
17790708682366,17790708682366name,22222
17790708682367,17790708682367name,22222
17790708682368,17790708682368name,22222
17790708682369,17790708682369name,22222
17790708682370,17790708682370name,22222
17790708682371,17790708682371name,22222
17790708682372,17790708682372name,22222
17790708682373,17790708682373name,22222
17790708682374,17790708682374name,22222
17790708682375,17790708682375name,22222
17790708682376,17790708682376name,22222
17790708682377,17790708682377name,22222
17790708682378,17790708682378name,22222
17790708682379,17790708682379name,22222
17790708682380,17790708682380name,22222
17790708682381,17790708682381name,22222
17790708682382,17790708682382name,22222
17790708682383,17790708682383name,22222
17790708682384,17790708682384name,22222
17790708682385,17790708682385name,22222
17790708682386,17790708682386name,22222
17790708682387,17790708682387name,22222
17790708682388,17790708682388name,22222
17790708682389,17790708682389name,22222
17790708682390,17790708682390name,22222
17790708682391,17790708682391name,22222
17790708682392,17790708682392name,22222
17790708682393,17790708682393name,22222
17790708682394,17790708682394name,22222
17790708682395,17790708682395name,22222
17790708682396,17790708682396name,22222
17790708682397,17790708682397name,22222
17790708682398,17790708682398name,22222
17790708682399,17790708682399name,22222
17790708682400,17790708682400name,22222
17790708682401,17790708682401name,22222
17790708682402,17790708682402name,22222
17790708682403,17790708682403name,22222
17790708682404,17790708682404name,22222
17790708682405,17790708682405name,22222
17790708682406,17790708682406name,22222
17790708682407,17790708682407name,22222
17790708682408,17790708682408name,22222
17790708682409,17790708682409name,22222
17790708682410,17790708682410name,22222
17790708682411,17790708682411name,22222
17790708682412,17790708682412name,22222
17790708682413,17790708682413name,22222
17790708682414,17790708682414name,22222
17790708682415,17790708682415name,22222
17790708682416,17790708682416name,22222
17790708682417,17790708682417name,22222
17790708682418,17790708682418name,22222
17790708682419,17790708682419name,22222
17790708682420,17790708682420name,22222
17790708682421,17790708682421name,22222
17790708682422,17790708682422name,22222
17790708682423,17790708682423name,22222
17790708682424,17790708682424name,22222
17790708682425,17790708682425name,22222
17790708682426,17790708682426name,22222
17790708682427,17790708682427name,22222
17790708682428,17790708682428name,22222
17790708682429,17790708682429name,22222
17790708682430,17790708682430name,22222
17790708682431,17790708682431name,22222
17790708682432,17790708682432name,22222
17790708682433,17790708682433name,22222
17790708682434,17790708682434name,22222
17790708682435,17790708682435name,22222
17790708682436,17790708682436name,22222
17790708682437,17790708682437name,22222
17790708682438,17790708682438name,22222
17790708682439,17790708682439name,22222
17790708682440,17790708682440name,22222
17790708682441,17790708682441name,22222
17790708682442,17790708682442name,22222
17790708682443,17790708682443name,22222
17790708682444,17790708682444name,22222
17790708682445,17790708682445name,22222
17790708682446,17790708682446name,22222
17790708682447,17790708682447name,22222
17790708682448,17790708682448name,22222
17790708682449,17790708682449name,22222
17790708682450,17790708682450name,22222
17790708682451,17790708682451name,22222
17790708682452,17790708682452name,22222
17790708682453,17790708682453name,22222
17790708682454,17790708682454name,22222
17790708682455,17790708682455name,22222
17790708682456,17790708682456name,22222
17790708682457,17790708682457name,22222
17790708682458,17790708682458name,22222
17790708682459,17790708682459name,22222
17790708682460,17790708682460name,22222
17790708682461,17790708682461name,22222
17790708682462,17790708682462name,22222
17790708682463,17790708682463name,22222
17790708682464,17790708682464name,22222
17790708682465,17790708682465name,22222
17790708682466,17790708682466name,22222
17790708682467,17790708682467name,22222
17790708682468,17790708682468name,22222
17790708682469,17790708682469name,22222
17790708682470,17790708682470name,22222
17790708682471,17790708682471name,22222
17790708682472,17790708682472name,22222
17790708682473,17790708682473name,22222
17790708682474,17790708682474name,22222
17790708682475,17790708682475name,22222
17790708682476,17790708682476name,22222
17790708682477,17790708682477name,22222
17790708682478,17790708682478name,22222
17790708682479,17790708682479name,22222
17790708682480,17790708682480name,22222
17790708682481,17790708682481name,22222
17790708682482,17790708682482name,22222
17790708682483,17790708682483name,22222
17790708682484,17790708682484name,22222
17790708682485,17790708682485name,22222
17790708682486,17790708682486name,22222
17790708682487,17790708682487name,22222
17790708682488,17790708682488name,22222
17790708682489,17790708682489name,22222
17790708682490,17790708682490name,22222
17790708682491,17790708682491name,22222
17790708682492,17790708682492name,22222
17790708682493,17790708682493name,22222
17790708682494,17790708682494name,22222
17790708682495,17790708682495name,22222
17790708682496,17790708682496name,22222
17790708682497,17790708682497name,22222
17790708682498,17790708682498name,22222
17790708682499,17790708682499name,22222
17790708682500,17790708682500name,22222
17790708682501,17790708682501name,22222
17790708682502,17790708682502name,22222
17790708682503,17790708682503name,22222
17790708682504,17790708682504name,22222
17790708682505,17790708682505name,22222
17790708682506,17790708682506name,22222
17790708682507,17790708682507name,22222
17790708682508,17790708682508name,22222
17790708682509,17790708682509name,22222
17790708682510,17790708682510name,22222
17790708682511,17790708682511name,22222
17790708682512,17790708682512name,22222
17790708682513,17790708682513name,22222
17790708682514,17790708682514name,22222
17790708682515,17790708682515name,22222
17790708682516,17790708682516name,22222
17790708682517,17790708682517name,22222
17790708682518,17790708682518name,22222
17790708682519,17790708682519name,22222
17790708682520,17790708682520name,22222
17790708682521,17790708682521name,22222
17790708682522,17790708682522name,22222
17790708682523,17790708682523name,22222
17790708682524,17790708682524name,22222
17790708682525,17790708682525name,22222
17790708682526,17790708682526name,22222
17790708682527,17790708682527name,22222
17790708682528,17790708682528name,22222
17790708682529,17790708682529name,22222
17790708682530,17790708682530name,22222
17790708682531,17790708682531name,22222
17790708682532,17790708682532name,22222
17790708682533,17790708682533name,22222
17790708682534,17790708682534name,22222
17790708682535,17790708682535name,22222
17790708682536,17790708682536name,22222
17790708682537,17790708682537name,22222
17790708682538,17790708682538name,22222
17790708682539,17790708682539name,22222
17790708682540,17790708682540name,22222
17790708682541,17790708682541name,22222
17790708682542,17790708682542name,22222
17790708682543,17790708682543name,22222
17790708682544,17790708682544name,22222
17790708682545,17790708682545name,22222
17790708682546,17790708682546name,22222
17790708682547,17790708682547name,22222
17790708682548,17790708682548name,22222
17790708682549,17790708682549name,22222
17790708682550,17790708682550name,22222
17790708682551,17790708682551name,22222
17790708682552,17790708682552name,22222
17790708682553,17790708682553name,22222
17790708682554,17790708682554name,22222
17790708682555,17790708682555name,22222
17790708682556,17790708682556name,22222
17790708682557,17790708682557name,22222
17790708682558,17790708682558name,22222
17790708682559,17790708682559name,22222
17790708682560,17790708682560name,22222
17790708682561,17790708682561name,22222
17790708682562,17790708682562name,22222
17790708682563,17790708682563name,22222
17790708682564,17790708682564name,22222
17790708682565,17790708682565name,22222
17790708682566,17790708682566name,22222
17790708682567,17790708682567name,22222
17790708682568,17790708682568name,22222
17790708682569,17790708682569name,22222
17790708682570,17790708682570name,22222
17790708682571,17790708682571name,22222
17790708682572,17790708682572name,22222
17790708682573,17790708682573name,22222
17790708682574,17790708682574name,22222
17790708682575,17790708682575name,22222
17790708682576,17790708682576name,22222
17790708682577,17790708682577name,22222
17790708682578,17790708682578name,22222
17790708682579,17790708682579name,22222
17790708682580,17790708682580name,22222
17790708682581,17790708682581name,22222
17790708682582,17790708682582name,22222
17790708682583,17790708682583name,22222
17790708682584,17790708682584name,22222
17790708682585,17790708682585name,22222
17790708682586,17790708682586name,22222
17790708682587,17790708682587name,22222
17790708682588,17790708682588name,22222
17790708682589,17790708682589name,22222
17790708682590,17790708682590name,22222
17790708682591,17790708682591name,22222
17790708682592,17790708682592name,22222
17790708682593,17790708682593name,22222
17790708682594,17790708682594name,22222
17790708682595,17790708682595name,22222
17790708682596,17790708682596name,22222
17790708682597,17790708682597name,22222
17790708682598,17790708682598name,22222
17790708682599,17790708682599name,22222
17790708682600,17790708682600name,22222
17790708682601,17790708682601name,22222
17790708682602,17790708682602name,22222
17790708682603,17790708682603name,22222
17790708682604,17790708682604name,22222
17790708682605,17790708682605name,22222
17790708682606,17790708682606name,22222
17790708682607,17790708682607name,22222
17790708682608,17790708682608name,22222
17790708682609,17790708682609name,22222
17790708682610,17790708682610name,22222
17790708682611,17790708682611name,22222
17790708682612,17790708682612name,22222
17790708682613,17790708682613name,22222
17790708682614,17790708682614name,22222
17790708682615,17790708682615name,22222
17790708682616,17790708682616name,22222
17790708682617,17790708682617name,22222
17790708682618,17790708682618name,22222
17790708682619,17790708682619name,22222
17790708682620,17790708682620name,22222
17790708682621,17790708682621name,22222
17790708682622,17790708682622name,22222
17790708682623,17790708682623name,22222
17790708682624,17790708682624name,22222
17790708682625,17790708682625name,22222
17790708682626,17790708682626name,22222
17790708682627,17790708682627name,22222
17790708682628,17790708682628name,22222
17790708682629,17790708682629name,22222
17790708682630,17790708682630name,22222
17790708682631,17790708682631name,22222
17790708682632,17790708682632name,22222
17790708682633,17790708682633name,22222
17790708682634,17790708682634name,22222
17790708682635,17790708682635name,22222
17790708682636,17790708682636name,22222
17790708682637,17790708682637name,22222
17790708682638,17790708682638name,22222
17790708682639,17790708682639name,22222
17790708682640,17790708682640name,22222
17790708682641,17790708682641name,22222
17790708682642,17790708682642name,22222
17790708682643,17790708682643name,22222
17790708682644,17790708682644name,22222
17790708682645,17790708682645name,22222
17790708682646,17790708682646name,22222
17790708682647,17790708682647name,22222
17790708682648,17790708682648name,22222
17790708682649,17790708682649name,22222
17790708682650,17790708682650name,22222
17790708682651,17790708682651name,22222
17790708682652,17790708682652name,22222
17790708682653,17790708682653name,22222
17790708682654,17790708682654name,22222
17790708682655,17790708682655name,22222
17790708682656,17790708682656name,22222
17790708682657,17790708682657name,22222
17790708682658,17790708682658name,22222
17790708682659,17790708682659name,22222
17790708682660,17790708682660name,22222
17790708682661,17790708682661name,22222
17790708682662,17790708682662name,22222
17790708682663,17790708682663name,22222
17790708682664,17790708682664name,22222
17790708682665,17790708682665name,22222
17790708682666,17790708682666name,22222
17790708682667,17790708682667name,22222
17790708682668,17790708682668name,22222
17790708682669,17790708682669name,22222
17790708682670,17790708682670name,22222
17790708682671,17790708682671name,22222
17790708682672,17790708682672name,22222
17790708682673,17790708682673name,22222
17790708682674,17790708682674name,22222
17790708682675,17790708682675name,22222
17790708682676,17790708682676name,22222
17790708682677,17790708682677name,22222
17790708682678,17790708682678name,22222
17790708682679,17790708682679name,22222
17790708682680,17790708682680name,22222
17790708682681,17790708682681name,22222
17790708682682,17790708682682name,22222
17790708682683,17790708682683name,22222
17790708682684,17790708682684name,22222
17790708682685,17790708682685name,22222
17790708682686,17790708682686name,22222
17790708682687,17790708682687name,22222
17790708682688,17790708682688name,22222
17790708682689,17790708682689name,22222
17790708682690,17790708682690name,22222
17790708682691,17790708682691name,22222
17790708682692,17790708682692name,22222
17790708682693,17790708682693name,22222
17790708682694,17790708682694name,22222
17790708682695,17790708682695name,22222
17790708682696,17790708682696name,22222
17790708682697,17790708682697name,22222
17790708682698,17790708682698name,22222
17790708682699,17790708682699name,22222
17790708682700,17790708682700name,22222
17790708682701,17790708682701name,22222
17790708682702,17790708682702name,22222
17790708682703,17790708682703name,22222
17790708682704,17790708682704name,22222
17790708682705,17790708682705name,22222
17790708682706,17790708682706name,22222
17790708682707,17790708682707name,22222
17790708682708,17790708682708name,22222
17790708682709,17790708682709name,22222
17790708682710,17790708682710name,22222
17790708682711,17790708682711name,22222
17790708682712,17790708682712name,22222
17790708682713,17790708682713name,22222
17790708682714,17790708682714name,22222
17790708682715,17790708682715name,22222
17790708682716,17790708682716name,22222
17790708682717,17790708682717name,22222
17790708682718,17790708682718name,22222
17790708682719,17790708682719name,22222
17790708682720,17790708682720name,22222
17790708682721,17790708682721name,22222
17790708682722,17790708682722name,22222
17790708682723,17790708682723name,22222
17790708682724,17790708682724name,22222
17790708682725,17790708682725name,22222
17790708682726,17790708682726name,22222
17790708682727,17790708682727name,22222
17790708682728,17790708682728name,22222
17790708682729,17790708682729name,22222
17790708682730,17790708682730name,22222
17790708682731,17790708682731name,22222
17790708682732,17790708682732name,22222
17790708682733,17790708682733name,22222
17790708682734,17790708682734name,22222
17790708682735,17790708682735name,22222
17790708682736,17790708682736name,22222
17790708682737,17790708682737name,22222
17790708682738,17790708682738name,22222
17790708682739,17790708682739name,22222
17790708682740,17790708682740name,22222
17790708682741,17790708682741name,22222
17790708682742,17790708682742name,22222
17790708682743,17790708682743name,22222
17790708682744,17790708682744name,22222
17790708682745,17790708682745name,22222
17790708682746,17790708682746name,22222
17790708682747,17790708682747name,22222
17790708682748,17790708682748name,22222
17790708682749,17790708682749name,22222
17790708682750,17790708682750name,22222
17790708682751,17790708682751name,22222
17790708682752,17790708682752name,22222
17790708682753,17790708682753name,22222
17790708682754,17790708682754name,22222
17790708682755,17790708682755name,22222
17790708682756,17790708682756name,22222
17790708682757,17790708682757name,22222
17790708682758,17790708682758name,22222
17790708682759,17790708682759name,22222
17790708682760,17790708682760name,22222
17790708682761,17790708682761name,22222
17790708682762,17790708682762name,22222
17790708682763,17790708682763name,22222
17790708682764,17790708682764name,22222
17790708682765,17790708682765name,22222
17790708682766,17790708682766name,22222
17790708682767,17790708682767name,22222
17790708682768,17790708682768name,22222
17790708682769,17790708682769name,22222
17790708682770,17790708682770name,22222
17790708682771,17790708682771name,22222
17790708682772,17790708682772name,22222
17790708682773,17790708682773name,22222
17790708682774,17790708682774name,22222
17790708682775,17790708682775name,22222
17790708682776,17790708682776name,22222
17790708682777,17790708682777name,22222
17790708682778,17790708682778name,22222
17790708682779,17790708682779name,22222
17790708682780,17790708682780name,22222
17790708682781,17790708682781name,22222
17790708682782,17790708682782name,22222
17790708682783,17790708682783name,22222
17790708682784,17790708682784name,22222
17790708682785,17790708682785name,22222
17790708682786,17790708682786name,22222
17790708682787,17790708682787name,22222
17790708682788,17790708682788name,22222
17790708682789,17790708682789name,22222
17790708682790,17790708682790name,22222
17790708682791,17790708682791name,22222
17790708682792,17790708682792name,22222
17790708682793,17790708682793name,22222
17790708682794,17790708682794name,22222
17790708682795,17790708682795name,22222
17790708682796,17790708682796name,22222
17790708682797,17790708682797name,22222
17790708682798,17790708682798name,22222
17790708682799,17790708682799name,22222
17790708682800,17790708682800name,22222
17790708682801,17790708682801name,22222
17790708682802,17790708682802name,22222
17790708682803,17790708682803name,22222
17790708682804,17790708682804name,22222
17790708682805,17790708682805name,22222
17790708682806,17790708682806name,22222
17790708682807,17790708682807name,22222
17790708682808,17790708682808name,22222
17790708682809,17790708682809name,22222
17790708682810,17790708682810name,22222
17790708682811,17790708682811name,22222
17790708682812,17790708682812name,22222
17790708682813,17790708682813name,22222
17790708682814,17790708682814name,22222
17790708682815,17790708682815name,22222
17790708682816,17790708682816name,22222
17790708682817,17790708682817name,22222
17790708682818,17790708682818name,22222
17790708682819,17790708682819name,22222
17790708682820,17790708682820name,22222
17790708682821,17790708682821name,22222
17790708682822,17790708682822name,22222
17790708682823,17790708682823name,22222
17790708682824,17790708682824name,22222
17790708682825,17790708682825name,22222
17790708682826,17790708682826name,22222
17790708682827,17790708682827name,22222
17790708682828,17790708682828name,22222
17790708682829,17790708682829name,22222
17790708682830,17790708682830name,22222
17790708682831,17790708682831name,22222
17790708682832,17790708682832name,22222
17790708682833,17790708682833name,22222
17790708682834,17790708682834name,22222
17790708682835,17790708682835name,22222
17790708682836,17790708682836name,22222
17790708682837,17790708682837name,22222
17790708682838,17790708682838name,22222
17790708682839,17790708682839name,22222
17790708682840,17790708682840name,22222
17790708682841,17790708682841name,22222
17790708682842,17790708682842name,22222
17790708682843,17790708682843name,22222
17790708682844,17790708682844name,22222
17790708682845,17790708682845name,22222
17790708682846,17790708682846name,22222
17790708682847,17790708682847name,22222
17790708682848,17790708682848name,22222
17790708682849,17790708682849name,22222
17790708682850,17790708682850name,22222
17790708682851,17790708682851name,22222
17790708682852,17790708682852name,22222
17790708682853,17790708682853name,22222
17790708682854,17790708682854name,22222
17790708682855,17790708682855name,22222
17790708682856,17790708682856name,22222
17790708682857,17790708682857name,22222
17790708682858,17790708682858name,22222
17790708682859,17790708682859name,22222
17790708682860,17790708682860name,22222
17790708682861,17790708682861name,22222
17790708682862,17790708682862name,22222
17790708682863,17790708682863name,22222
17790708682864,17790708682864name,22222
17790708682865,17790708682865name,22222
17790708682866,17790708682866name,22222
17790708682867,17790708682867name,22222
17790708682868,17790708682868name,22222
17790708682869,17790708682869name,22222
17790708682870,17790708682870name,22222
17790708682871,17790708682871name,22222
17790708682872,17790708682872name,22222
17790708682873,17790708682873name,22222
17790708682874,17790708682874name,22222
17790708682875,17790708682875name,22222
17790708682876,17790708682876name,22222
17790708682877,17790708682877name,22222
17790708682878,17790708682878name,22222
17790708682879,17790708682879name,22222
17790708682880,17790708682880name,22222
17790708682881,17790708682881name,22222
17790708682882,17790708682882name,22222
17790708682883,17790708682883name,22222
17790708682884,17790708682884name,22222
17790708682885,17790708682885name,22222
17790708682886,17790708682886name,22222
17790708682887,17790708682887name,22222
17790708682888,17790708682888name,22222
17790708682889,17790708682889name,22222
17790708682890,17790708682890name,22222
17790708682891,17790708682891name,22222
17790708682892,17790708682892name,22222
17790708682893,17790708682893name,22222
17790708682894,17790708682894name,22222
17790708682895,17790708682895name,22222
17790708682896,17790708682896name,22222
17790708682897,17790708682897name,22222
17790708682898,17790708682898name,22222
17790708682899,17790708682899name,22222
17790708682900,17790708682900name,22222
17790708682901,17790708682901name,22222
17790708682902,17790708682902name,22222
17790708682903,17790708682903name,22222
17790708682904,17790708682904name,22222
17790708682905,17790708682905name,22222
17790708682906,17790708682906name,22222
17790708682907,17790708682907name,22222
17790708682908,17790708682908name,22222
17790708682909,17790708682909name,22222
17790708682910,17790708682910name,22222
17790708682911,17790708682911name,22222
17790708682912,17790708682912name,22222
17790708682913,17790708682913name,22222
17790708682914,17790708682914name,22222
17790708682915,17790708682915name,22222
17790708682916,17790708682916name,22222
17790708682917,17790708682917name,22222
17790708682918,17790708682918name,22222
17790708682919,17790708682919name,22222
17790708682920,17790708682920name,22222
17790708682921,17790708682921name,22222
17790708682922,17790708682922name,22222
17790708682923,17790708682923name,22222
17790708682924,17790708682924name,22222
17790708682925,17790708682925name,22222
17790708682926,17790708682926name,22222
17790708682927,17790708682927name,22222
17790708682928,17790708682928name,22222
17790708682929,17790708682929name,22222
17790708682930,17790708682930name,22222
17790708682931,17790708682931name,22222
17790708682932,17790708682932name,22222
17790708682933,17790708682933name,22222
17790708682934,17790708682934name,22222
17790708682935,17790708682935name,22222
17790708682936,17790708682936name,22222
17790708682937,17790708682937name,22222
17790708682938,17790708682938name,22222
17790708682939,17790708682939name,22222
17790708682940,17790708682940name,22222
17790708682941,17790708682941name,22222
17790708682942,17790708682942name,22222
17790708682943,17790708682943name,22222
17790708682944,17790708682944name,22222
17790708682945,17790708682945name,22222
17790708682946,17790708682946name,22222
17790708682947,17790708682947name,22222
17790708682948,17790708682948name,22222
17790708682949,17790708682949name,22222
17790708682950,17790708682950name,22222
17790708682951,17790708682951name,22222
17790708682952,17790708682952name,22222
17790708682953,17790708682953name,22222
17790708682954,17790708682954name,22222
17790708682955,17790708682955name,22222
17790708682956,17790708682956name,22222
17790708682957,17790708682957name,22222
17790708682958,17790708682958name,22222
17790708682959,17790708682959name,22222
17790708682960,17790708682960name,22222
17790708682961,17790708682961name,22222
17790708682962,17790708682962name,22222
17790708682963,17790708682963name,22222
17790708682964,17790708682964name,22222
17790708682965,17790708682965name,22222
17790708682966,17790708682966name,22222
17790708682967,17790708682967name,22222
17790708682968,17790708682968name,22222
17790708682969,17790708682969name,22222
17790708682970,17790708682970name,22222
17790708682971,17790708682971name,22222
17790708682972,17790708682972name,22222
17790708682973,17790708682973name,22222
17790708682974,17790708682974name,22222
17790708682975,17790708682975name,22222
17790708682976,17790708682976name,22222
17790708682977,17790708682977name,22222
17790708682978,17790708682978name,22222
17790708682979,17790708682979name,22222
17790708682980,17790708682980name,22222
17790708682981,17790708682981name,22222
17790708682982,17790708682982name,22222
17790708682983,17790708682983name,22222
17790708682984,17790708682984name,22222
17790708682985,17790708682985name,22222
17790708682986,17790708682986name,22222
17790708682987,17790708682987name,22222
17790708682988,17790708682988name,22222
17790708682989,17790708682989name,22222
17790708682990,17790708682990name,22222
17790708682991,17790708682991name,22222
17790708682992,17790708682992name,22222
17790708682993,17790708682993name,22222
17790708682994,17790708682994name,22222
17790708682995,17790708682995name,22222
17790708682996,17790708682996name,22222
17790708682997,17790708682997name,22222
17790708682998,17790708682998name,22222
17790708682999,17790708682999name,22222
17790708683000,17790708683000name,22222
17790708683001,17790708683001name,22222
17790708683002,17790708683002name,22222
17790708683003,17790708683003name,22222
17790708683004,17790708683004name,22222
17790708683005,17790708683005name,22222
17790708683006,17790708683006name,22222
17790708683007,17790708683007name,22222
17790708683008,17790708683008name,22222
17790708683009,17790708683009name,22222
17790708683010,17790708683010name,22222
17790708683011,17790708683011name,22222
17790708683012,17790708683012name,22222
17790708683013,17790708683013name,22222
17790708683014,17790708683014name,22222
17790708683015,17790708683015name,22222
17790708683016,17790708683016name,22222
17790708683017,17790708683017name,22222
17790708683018,17790708683018name,22222
17790708683019,17790708683019name,22222
17790708683020,17790708683020name,22222
17790708683021,17790708683021name,22222
17790708683022,17790708683022name,22222
17790708683023,17790708683023name,22222
17790708683024,17790708683024name,22222
17790708683025,17790708683025name,22222
17790708683026,17790708683026name,22222
17790708683027,17790708683027name,22222
17790708683028,17790708683028name,22222
17790708683029,17790708683029name,22222
17790708683030,17790708683030name,22222
17790708683031,17790708683031name,22222
17790708683032,17790708683032name,22222
17790708683033,17790708683033name,22222
17790708683034,17790708683034name,22222
17790708683035,17790708683035name,22222
17790708683036,17790708683036name,22222
17790708683037,17790708683037name,22222
17790708683038,17790708683038name,22222
17790708683039,17790708683039name,22222
17790708683040,17790708683040name,22222
17790708683041,17790708683041name,22222
17790708683042,17790708683042name,22222
17790708683043,17790708683043name,22222
17790708683044,17790708683044name,22222
17790708683045,17790708683045name,22222
17790708683046,17790708683046name,22222
17790708683047,17790708683047name,22222
17790708683048,17790708683048name,22222
17790708683049,17790708683049name,22222
17790708683050,17790708683050name,22222
17790708683051,17790708683051name,22222
17790708683052,17790708683052name,22222
17790708683053,17790708683053name,22222
17790708683054,17790708683054name,22222
17790708683055,17790708683055name,22222
17790708683056,17790708683056name,22222
17790708683057,17790708683057name,22222
17790708683058,17790708683058name,22222
17790708683059,17790708683059name,22222
17790708683060,17790708683060name,22222
17790708683061,17790708683061name,22222
17790708683062,17790708683062name,22222
17790708683063,17790708683063name,22222
17790708683064,17790708683064name,22222
17790708683065,17790708683065name,22222
17790708683066,17790708683066name,22222
17790708683067,17790708683067name,22222
17790708683068,17790708683068name,22222
17790708683069,17790708683069name,22222
17790708683070,17790708683070name,22222
17790708683071,17790708683071name,22222
17790708683072,17790708683072name,22222
17790708683073,17790708683073name,22222
17790708683074,17790708683074name,22222
17790708683075,17790708683075name,22222
17790708683076,17790708683076name,22222
17790708683077,17790708683077name,22222
17790708683078,17790708683078name,22222
17790708683079,17790708683079name,22222
17790708683080,17790708683080name,22222
17790708683081,17790708683081name,22222
17790708683082,17790708683082name,22222
17790708683083,17790708683083name,22222
17790708683084,17790708683084name,22222
17790708683085,17790708683085name,22222
17790708683086,17790708683086name,22222
17790708683087,17790708683087name,22222
17790708683088,17790708683088name,22222
17790708683089,17790708683089name,22222
17790708683090,17790708683090name,22222
17790708683091,17790708683091name,22222
17790708683092,17790708683092name,22222
17790708683093,17790708683093name,22222
17790708683094,17790708683094name,22222
17790708683095,17790708683095name,22222
17790708683096,17790708683096name,22222
17790708683097,17790708683097name,22222
17790708683098,17790708683098name,22222
17790708683099,17790708683099name,22222
17790708683100,17790708683100name,22222
17790708683101,17790708683101name,22222
17790708683102,17790708683102name,22222
17790708683103,17790708683103name,22222
17790708683104,17790708683104name,22222
17790708683105,17790708683105name,22222
17790708683106,17790708683106name,22222
17790708683107,17790708683107name,22222
17790708683108,17790708683108name,22222
17790708683109,17790708683109name,22222
17790708683110,17790708683110name,22222
17790708683111,17790708683111name,22222
17790708683112,17790708683112name,22222
17790708683113,17790708683113name,22222
17790708683114,17790708683114name,22222
17790708683115,17790708683115name,22222
17790708683116,17790708683116name,22222
17790708683117,17790708683117name,22222
17790708683118,17790708683118name,22222
17790708683119,17790708683119name,22222
17790708683120,17790708683120name,22222
17790708683121,17790708683121name,22222
17790708683122,17790708683122name,22222
17790708683123,17790708683123name,22222
17790708683124,17790708683124name,22222
17790708683125,17790708683125name,22222
17790708683126,17790708683126name,22222
17790708683127,17790708683127name,22222
17790708683128,17790708683128name,22222
17790708683129,17790708683129name,22222
17790708683130,17790708683130name,22222
17790708683131,17790708683131name,22222
17790708683132,17790708683132name,22222
17790708683133,17790708683133name,22222
17790708683134,17790708683134name,22222
17790708683135,17790708683135name,22222
17790708683136,17790708683136name,22222
17790708683137,17790708683137name,22222
17790708683138,17790708683138name,22222
17790708683139,17790708683139name,22222
17790708683140,17790708683140name,22222
17790708683141,17790708683141name,22222
17790708683142,17790708683142name,22222
17790708683143,17790708683143name,22222
17790708683144,17790708683144name,22222
17790708683145,17790708683145name,22222
17790708683146,17790708683146name,22222
17790708683147,17790708683147name,22222
17790708683148,17790708683148name,22222
17790708683149,17790708683149name,22222
17790708683150,17790708683150name,22222
17790708683151,17790708683151name,22222
17790708683152,17790708683152name,22222
17790708683153,17790708683153name,22222
17790708683154,17790708683154name,22222
17790708683155,17790708683155name,22222
17790708683156,17790708683156name,22222
17790708683157,17790708683157name,22222
17790708683158,17790708683158name,22222
17790708683159,17790708683159name,22222
17790708683160,17790708683160name,22222
17790708683161,17790708683161name,22222
17790708683162,17790708683162name,22222
17790708683163,17790708683163name,22222
17790708683164,17790708683164name,22222
17790708683165,17790708683165name,22222
17790708683166,17790708683166name,22222
17790708683167,17790708683167name,22222
17790708683168,17790708683168name,22222
17790708683169,17790708683169name,22222
17790708683170,17790708683170name,22222
17790708683171,17790708683171name,22222
17790708683172,17790708683172name,22222
17790708683173,17790708683173name,22222
17790708683174,17790708683174name,22222
17790708683175,17790708683175name,22222
17790708683176,17790708683176name,22222
17790708683177,17790708683177name,22222
17790708683178,17790708683178name,22222
17790708683179,17790708683179name,22222
17790708683180,17790708683180name,22222
17790708683181,17790708683181name,22222
17790708683182,17790708683182name,22222
17790708683183,17790708683183name,22222
17790708683184,17790708683184name,22222
17790708683185,17790708683185name,22222
17790708683186,17790708683186name,22222
17790708683187,17790708683187name,22222
17790708683188,17790708683188name,22222
17790708683189,17790708683189name,22222
17790708683190,17790708683190name,22222
17790708683191,17790708683191name,22222
17790708683192,17790708683192name,22222
17790708683193,17790708683193name,22222
17790708683194,17790708683194name,22222
17790708683195,17790708683195name,22222
17790708683196,17790708683196name,22222
17790708683197,17790708683197name,22222
17790708683198,17790708683198name,22222
17790708683199,17790708683199name,22222
17790708683200,17790708683200name,22222
17790708683201,17790708683201name,22222
17790708683202,17790708683202name,22222
17790708683203,17790708683203name,22222
17790708683204,17790708683204name,22222
17790708683205,17790708683205name,22222
17790708683206,17790708683206name,22222
17790708683207,17790708683207name,22222
17790708683208,17790708683208name,22222
17790708683209,17790708683209name,22222
17790708683210,17790708683210name,22222
17790708683211,17790708683211name,22222
17790708683212,17790708683212name,22222
17790708683213,17790708683213name,22222
17790708683214,17790708683214name,22222
17790708683215,17790708683215name,22222
17790708683216,17790708683216name,22222
17790708683217,17790708683217name,22222
17790708683218,17790708683218name,22222
17790708683219,17790708683219name,22222
17790708683220,17790708683220name,22222
17790708683221,17790708683221name,22222
17790708683222,17790708683222name,22222
17790708683223,17790708683223name,22222
17790708683224,17790708683224name,22222
17790708683225,17790708683225name,22222
17790708683226,17790708683226name,22222
17790708683227,17790708683227name,22222
17790708683228,17790708683228name,22222
17790708683229,17790708683229name,22222
17790708683230,17790708683230name,22222
17790708683231,17790708683231name,22222
17790708683232,17790708683232name,22222
17790708683233,17790708683233name,22222
17790708683234,17790708683234name,22222
17790708683235,17790708683235name,22222
17790708683236,17790708683236name,22222
17790708683237,17790708683237name,22222
17790708683238,17790708683238name,22222
17790708683239,17790708683239name,22222
17790708683240,17790708683240name,22222
17790708683241,17790708683241name,22222
17790708683242,17790708683242name,22222
17790708683243,17790708683243name,22222
17790708683244,17790708683244name,22222
17790708683245,17790708683245name,22222
17790708683246,17790708683246name,22222
17790708683247,17790708683247name,22222
17790708683248,17790708683248name,22222
17790708683249,17790708683249name,22222
17790708683250,17790708683250name,22222
17790708683251,17790708683251name,22222
17790708683252,17790708683252name,22222
17790708683253,17790708683253name,22222
17790708683254,17790708683254name,22222
17790708683255,17790708683255name,22222
17790708683256,17790708683256name,22222
17790708683257,17790708683257name,22222
17790708683258,17790708683258name,22222
17790708683259,17790708683259name,22222
17790708683260,17790708683260name,22222
17790708683261,17790708683261name,22222
17790708683262,17790708683262name,22222
17790708683263,17790708683263name,22222
17790708683264,17790708683264name,22222
17790708683265,17790708683265name,22222
17790708683266,17790708683266name,22222
17790708683267,17790708683267name,22222
17790708683268,17790708683268name,22222
17790708683269,17790708683269name,22222
17790708683270,17790708683270name,22222
17790708683271,17790708683271name,22222
17790708683272,17790708683272name,22222
17790708683273,17790708683273name,22222
17790708683274,17790708683274name,22222
17790708683275,17790708683275name,22222
17790708683276,17790708683276name,22222
17790708683277,17790708683277name,22222
17790708683278,17790708683278name,22222
17790708683279,17790708683279name,22222
17790708683280,17790708683280name,22222
17790708683281,17790708683281name,22222
17790708683282,17790708683282name,22222
17790708683283,17790708683283name,22222
17790708683284,17790708683284name,22222
17790708683285,17790708683285name,22222
17790708683286,17790708683286name,22222
17790708683287,17790708683287name,22222
17790708683288,17790708683288name,22222
17790708683289,17790708683289name,22222
17790708683290,17790708683290name,22222
17790708683291,17790708683291name,22222
17790708683292,17790708683292name,22222
17790708683293,17790708683293name,22222
17790708683294,17790708683294name,22222
17790708683295,17790708683295name,22222
17790708683296,17790708683296name,22222
17790708683297,17790708683297name,22222
17790708683298,17790708683298name,22222
17790708683299,17790708683299name,22222
17790708683300,17790708683300name,22222
17790708683301,17790708683301name,22222
17790708683302,17790708683302name,22222
17790708683303,17790708683303name,22222
17790708683304,17790708683304name,22222
17790708683305,17790708683305name,22222
17790708683306,17790708683306name,22222
17790708683307,17790708683307name,22222
17790708683308,17790708683308name,22222
17790708683309,17790708683309name,22222
17790708683310,17790708683310name,22222
17790708683311,17790708683311name,22222
17790708683312,17790708683312name,22222
17790708683313,17790708683313name,22222
17790708683314,17790708683314name,22222
17790708683315,17790708683315name,22222
17790708683316,17790708683316name,22222
17790708683317,17790708683317name,22222
17790708683318,17790708683318name,22222
17790708683319,17790708683319name,22222
17790708683320,17790708683320name,22222
17790708683321,17790708683321name,22222
17790708683322,17790708683322name,22222
17790708683323,17790708683323name,22222
17790708683324,17790708683324name,22222
17790708683325,17790708683325name,22222
17790708683326,17790708683326name,22222
17790708683327,17790708683327name,22222
17790708683328,17790708683328name,22222
17790708683329,17790708683329name,22222
17790708683330,17790708683330name,22222
17790708683331,17790708683331name,22222
17790708683332,17790708683332name,22222
17790708683333,17790708683333name,22222
17790708683334,17790708683334name,22222
17790708683335,17790708683335name,22222
17790708683336,17790708683336name,22222
17790708683337,17790708683337name,22222
17790708683338,17790708683338name,22222
17790708683339,17790708683339name,22222
17790708683340,17790708683340name,22222
17790708683341,17790708683341name,22222
17790708683342,17790708683342name,22222
17790708683343,17790708683343name,22222
17790708683344,17790708683344name,22222
17790708683345,17790708683345name,22222
17790708683346,17790708683346name,22222
17790708683347,17790708683347name,22222
17790708683348,17790708683348name,22222
17790708683349,17790708683349name,22222
17790708683350,17790708683350name,22222
17790708683351,17790708683351name,22222
17790708683352,17790708683352name,22222
17790708683353,17790708683353name,22222
17790708683354,17790708683354name,22222
17790708683355,17790708683355name,22222
17790708683356,17790708683356name,22222
17790708683357,17790708683357name,22222
17790708683358,17790708683358name,22222
17790708683359,17790708683359name,22222
17790708683360,17790708683360name,22222
17790708683361,17790708683361name,22222
17790708683362,17790708683362name,22222
17790708683363,17790708683363name,22222
17790708683364,17790708683364name,22222
17790708683365,17790708683365name,22222
17790708683366,17790708683366name,22222
17790708683367,17790708683367name,22222
17790708683368,17790708683368name,22222
17790708683369,17790708683369name,22222
17790708683370,17790708683370name,22222
17790708683371,17790708683371name,22222
17790708683372,17790708683372name,22222
17790708683373,17790708683373name,22222
17790708683374,17790708683374name,22222
17790708683375,17790708683375name,22222
17790708683376,17790708683376name,22222
17790708683377,17790708683377name,22222
17790708683378,17790708683378name,22222
17790708683379,17790708683379name,22222
17790708683380,17790708683380name,22222
17790708683381,17790708683381name,22222
17790708683382,17790708683382name,22222
17790708683383,17790708683383name,22222
17790708683384,17790708683384name,22222
17790708683385,17790708683385name,22222
17790708683386,17790708683386name,22222
17790708683387,17790708683387name,22222
17790708683388,17790708683388name,22222
17790708683389,17790708683389name,22222
17790708683390,17790708683390name,22222
17790708683391,17790708683391name,22222
17790708683392,17790708683392name,22222
17790708683393,17790708683393name,22222
17790708683394,17790708683394name,22222
17790708683395,17790708683395name,22222
17790708683396,17790708683396name,22222
17790708683397,17790708683397name,22222
17790708683398,17790708683398name,22222
17790708683399,17790708683399name,22222
17790708683400,17790708683400name,22222
17790708683401,17790708683401name,22222
17790708683402,17790708683402name,22222
17790708683403,17790708683403name,22222
17790708683404,17790708683404name,22222
17790708683405,17790708683405name,22222
17790708683406,17790708683406name,22222
17790708683407,17790708683407name,22222
17790708683408,17790708683408name,22222
17790708683409,17790708683409name,22222
17790708683410,17790708683410name,22222
17790708683411,17790708683411name,22222
17790708683412,17790708683412name,22222
17790708683413,17790708683413name,22222
17790708683414,17790708683414name,22222
17790708683415,17790708683415name,22222
17790708683416,17790708683416name,22222
17790708683417,17790708683417name,22222
17790708683418,17790708683418name,22222
17790708683419,17790708683419name,22222
17790708683420,17790708683420name,22222
17790708683421,17790708683421name,22222
17790708683422,17790708683422name,22222
17790708683423,17790708683423name,22222
17790708683424,17790708683424name,22222
17790708683425,17790708683425name,22222
17790708683426,17790708683426name,22222
17790708683427,17790708683427name,22222
17790708683428,17790708683428name,22222
17790708683429,17790708683429name,22222
17790708683430,17790708683430name,22222
17790708683431,17790708683431name,22222
17790708683432,17790708683432name,22222
17790708683433,17790708683433name,22222
17790708683434,17790708683434name,22222
17790708683435,17790708683435name,22222
17790708683436,17790708683436name,22222
17790708683437,17790708683437name,22222
17790708683438,17790708683438name,22222
17790708683439,17790708683439name,22222
17790708683440,17790708683440name,22222
17790708683441,17790708683441name,22222
17790708683442,17790708683442name,22222
17790708683443,17790708683443name,22222
17790708683444,17790708683444name,22222
17790708683445,17790708683445name,22222
17790708683446,17790708683446name,22222
17790708683447,17790708683447name,22222
17790708683448,17790708683448name,22222
17790708683449,17790708683449name,22222
17790708683450,17790708683450name,22222
17790708683451,17790708683451name,22222
17790708683452,17790708683452name,22222
17790708683453,17790708683453name,22222
17790708683454,17790708683454name,22222
17790708683455,17790708683455name,22222
17790708683456,17790708683456name,22222
17790708683457,17790708683457name,22222
17790708683458,17790708683458name,22222
17790708683459,17790708683459name,22222
17790708683460,17790708683460name,22222
17790708683461,17790708683461name,22222
17790708683462,17790708683462name,22222
17790708683463,17790708683463name,22222
17790708683464,17790708683464name,22222
17790708683465,17790708683465name,22222
17790708683466,17790708683466name,22222
17790708683467,17790708683467name,22222
17790708683468,17790708683468name,22222
17790708683469,17790708683469name,22222
17790708683470,17790708683470name,22222
17790708683471,17790708683471name,22222
17790708683472,17790708683472name,22222
17790708683473,17790708683473name,22222
17790708683474,17790708683474name,22222
17790708683475,17790708683475name,22222
17790708683476,17790708683476name,22222
17790708683477,17790708683477name,22222
17790708683478,17790708683478name,22222
17790708683479,17790708683479name,22222
17790708683480,17790708683480name,22222
17790708683481,17790708683481name,22222
17790708683482,17790708683482name,22222
17790708683483,17790708683483name,22222
17790708683484,17790708683484name,22222
17790708683485,17790708683485name,22222
17790708683486,17790708683486name,22222
17790708683487,17790708683487name,22222
17790708683488,17790708683488name,22222
17790708683489,17790708683489name,22222
17790708683490,17790708683490name,22222
17790708683491,17790708683491name,22222
17790708683492,17790708683492name,22222
17790708683493,17790708683493name,22222
17790708683494,17790708683494name,22222
17790708683495,17790708683495name,22222
17790708683496,17790708683496name,22222
17790708683497,17790708683497name,22222
17790708683498,17790708683498name,22222
17790708683499,17790708683499name,22222
17790708683500,17790708683500name,22222
17790708683501,17790708683501name,22222
17790708683502,17790708683502name,22222
17790708683503,17790708683503name,22222
17790708683504,17790708683504name,22222
17790708683505,17790708683505name,22222
17790708683506,17790708683506name,22222
17790708683507,17790708683507name,22222
17790708683508,17790708683508name,22222
17790708683509,17790708683509name,22222
17790708683510,17790708683510name,22222
17790708683511,17790708683511name,22222
17790708683512,17790708683512name,22222
17790708683513,17790708683513name,22222
17790708683514,17790708683514name,22222
17790708683515,17790708683515name,22222
17790708683516,17790708683516name,22222
17790708683517,17790708683517name,22222
17790708683518,17790708683518name,22222
17790708683519,17790708683519name,22222
17790708683520,17790708683520name,22222
17790708683521,17790708683521name,22222
17790708683522,17790708683522name,22222
17790708683523,17790708683523name,22222
17790708683524,17790708683524name,22222
17790708683525,17790708683525name,22222
17790708683526,17790708683526name,22222
17790708683527,17790708683527name,22222
17790708683528,17790708683528name,22222
17790708683529,17790708683529name,22222
17790708683530,17790708683530name,22222
17790708683531,17790708683531name,22222
17790708683532,17790708683532name,22222
17790708683533,17790708683533name,22222
17790708683534,17790708683534name,22222
17790708683535,17790708683535name,22222
17790708683536,17790708683536name,22222
17790708683537,17790708683537name,22222
17790708683538,17790708683538name,22222
17790708683539,17790708683539name,22222
17790708683540,17790708683540name,22222
17790708683541,17790708683541name,22222
17790708683542,17790708683542name,22222
17790708683543,17790708683543name,22222
17790708683544,17790708683544name,22222
17790708683545,17790708683545name,22222
17790708683546,17790708683546name,22222
17790708683547,17790708683547name,22222
17790708683548,17790708683548name,22222
17790708683549,17790708683549name,22222
17790708683550,17790708683550name,22222
17790708683551,17790708683551name,22222
17790708683552,17790708683552name,22222
17790708683553,17790708683553name,22222
17790708683554,17790708683554name,22222
17790708683555,17790708683555name,22222
17790708683556,17790708683556name,22222
17790708683557,17790708683557name,22222
17790708683558,17790708683558name,22222
17790708683559,17790708683559name,22222
17790708683560,17790708683560name,22222
17790708683561,17790708683561name,22222
17790708683562,17790708683562name,22222
17790708683563,17790708683563name,22222
17790708683564,17790708683564name,22222
17790708683565,17790708683565name,22222
17790708683566,17790708683566name,22222
17790708683567,17790708683567name,22222
17790708683568,17790708683568name,22222
17790708683569,17790708683569name,22222
17790708683570,17790708683570name,22222
17790708683571,17790708683571name,22222
17790708683572,17790708683572name,22222
17790708683573,17790708683573name,22222
17790708683574,17790708683574name,22222
17790708683575,17790708683575name,22222
17790708683576,17790708683576name,22222
17790708683577,17790708683577name,22222
17790708683578,17790708683578name,22222
17790708683579,17790708683579name,22222
17790708683580,17790708683580name,22222
17790708683581,17790708683581name,22222
17790708683582,17790708683582name,22222
17790708683583,17790708683583name,22222
17790708683584,17790708683584name,22222
17790708683585,17790708683585name,22222
17790708683586,17790708683586name,22222
17790708683587,17790708683587name,22222
17790708683588,17790708683588name,22222
17790708683589,17790708683589name,22222
17790708683590,17790708683590name,22222
17790708683591,17790708683591name,22222
17790708683592,17790708683592name,22222
17790708683593,17790708683593name,22222
17790708683594,17790708683594name,22222
17790708683595,17790708683595name,22222
17790708683596,17790708683596name,22222
17790708683597,17790708683597name,22222
17790708683598,17790708683598name,22222
17790708683599,17790708683599name,22222
17790708683600,17790708683600name,22222
17790708683601,17790708683601name,22222
17790708683602,17790708683602name,22222
17790708683603,17790708683603name,22222
17790708683604,17790708683604name,22222
17790708683605,17790708683605name,22222
17790708683606,17790708683606name,22222
17790708683607,17790708683607name,22222
17790708683608,17790708683608name,22222
17790708683609,17790708683609name,22222
17790708683610,17790708683610name,22222
17790708683611,17790708683611name,22222
17790708683612,17790708683612name,22222
17790708683613,17790708683613name,22222
17790708683614,17790708683614name,22222
17790708683615,17790708683615name,22222
17790708683616,17790708683616name,22222
17790708683617,17790708683617name,22222
17790708683618,17790708683618name,22222
17790708683619,17790708683619name,22222
17790708683620,17790708683620name,22222
17790708683621,17790708683621name,22222
17790708683622,17790708683622name,22222
17790708683623,17790708683623name,22222
17790708683624,17790708683624name,22222
17790708683625,17790708683625name,22222
17790708683626,17790708683626name,22222
17790708683627,17790708683627name,22222
17790708683628,17790708683628name,22222
17790708683629,17790708683629name,22222
17790708683630,17790708683630name,22222
17790708683631,17790708683631name,22222
17790708683632,17790708683632name,22222
17790708683633,17790708683633name,22222
17790708683634,17790708683634name,22222
17790708683635,17790708683635name,22222
17790708683636,17790708683636name,22222
17790708683637,17790708683637name,22222
17790708683638,17790708683638name,22222
17790708683639,17790708683639name,22222
17790708683640,17790708683640name,22222
17790708683641,17790708683641name,22222
17790708683642,17790708683642name,22222
17790708683643,17790708683643name,22222
17790708683644,17790708683644name,22222
17790708683645,17790708683645name,22222
17790708683646,17790708683646name,22222
17790708683647,17790708683647name,22222
17790708683648,17790708683648name,22222
17790708683649,17790708683649name,22222
17790708683650,17790708683650name,22222
17790708683651,17790708683651name,22222
17790708683652,17790708683652name,22222
17790708683653,17790708683653name,22222
17790708683654,17790708683654name,22222
17790708683655,17790708683655name,22222
17790708683656,17790708683656name,22222
17790708683657,17790708683657name,22222
17790708683658,17790708683658name,22222
17790708683659,17790708683659name,22222
17790708683660,17790708683660name,22222
17790708683661,17790708683661name,22222
17790708683662,17790708683662name,22222
17790708683663,17790708683663name,22222
17790708683664,17790708683664name,22222
17790708683665,17790708683665name,22222
17790708683666,17790708683666name,22222
17790708683667,17790708683667name,22222
17790708683668,17790708683668name,22222
17790708683669,17790708683669name,22222
17790708683670,17790708683670name,22222
17790708683671,17790708683671name,22222
17790708683672,17790708683672name,22222
17790708683673,17790708683673name,22222
17790708683674,17790708683674name,22222
17790708683675,17790708683675name,22222
17790708683676,17790708683676name,22222
17790708683677,17790708683677name,22222
17790708683678,17790708683678name,22222
17790708683679,17790708683679name,22222
17790708683680,17790708683680name,22222
17790708683681,17790708683681name,22222
17790708683682,17790708683682name,22222
17790708683683,17790708683683name,22222
17790708683684,17790708683684name,22222
17790708683685,17790708683685name,22222
17790708683686,17790708683686name,22222
17790708683687,17790708683687name,22222
17790708683688,17790708683688name,22222
17790708683689,17790708683689name,22222
17790708683690,17790708683690name,22222
17790708683691,17790708683691name,22222
17790708683692,17790708683692name,22222
17790708683693,17790708683693name,22222
17790708683694,17790708683694name,22222
17790708683695,17790708683695name,22222
17790708683696,17790708683696name,22222
17790708683697,17790708683697name,22222
17790708683698,17790708683698name,22222
17790708683699,17790708683699name,22222
17790708683700,17790708683700name,22222
17790708683701,17790708683701name,22222
17790708683702,17790708683702name,22222
17790708683703,17790708683703name,22222
17790708683704,17790708683704name,22222
17790708683705,17790708683705name,22222
17790708683706,17790708683706name,22222
17790708683707,17790708683707name,22222
17790708683708,17790708683708name,22222
17790708683709,17790708683709name,22222
17790708683710,17790708683710name,22222
17790708683711,17790708683711name,22222
17790708683712,17790708683712name,22222
17790708683713,17790708683713name,22222
17790708683714,17790708683714name,22222
17790708683715,17790708683715name,22222
17790708683716,17790708683716name,22222
17790708683717,17790708683717name,22222
17790708683718,17790708683718name,22222
17790708683719,17790708683719name,22222
17790708683720,17790708683720name,22222
17790708683721,17790708683721name,22222
17790708683722,17790708683722name,22222
17790708683723,17790708683723name,22222
17790708683724,17790708683724name,22222
17790708683725,17790708683725name,22222
17790708683726,17790708683726name,22222
17790708683727,17790708683727name,22222
17790708683728,17790708683728name,22222
17790708683729,17790708683729name,22222
17790708683730,17790708683730name,22222
17790708683731,17790708683731name,22222
17790708683732,17790708683732name,22222
17790708683733,17790708683733name,22222
17790708683734,17790708683734name,22222
17790708683735,17790708683735name,22222
17790708683736,17790708683736name,22222
17790708683737,17790708683737name,22222
17790708683738,17790708683738name,22222
17790708683739,17790708683739name,22222
17790708683740,17790708683740name,22222
17790708683741,17790708683741name,22222
17790708683742,17790708683742name,22222
17790708683743,17790708683743name,22222
17790708683744,17790708683744name,22222
17790708683745,17790708683745name,22222
17790708683746,17790708683746name,22222
17790708683747,17790708683747name,22222
17790708683748,17790708683748name,22222
17790708683749,17790708683749name,22222
17790708683750,17790708683750name,22222
17790708683751,17790708683751name,22222
17790708683752,17790708683752name,22222
17790708683753,17790708683753name,22222
17790708683754,17790708683754name,22222
17790708683755,17790708683755name,22222
17790708683756,17790708683756name,22222
17790708683757,17790708683757name,22222
17790708683758,17790708683758name,22222
17790708683759,17790708683759name,22222
17790708683760,17790708683760name,22222
17790708683761,17790708683761name,22222
17790708683762,17790708683762name,22222
17790708683763,17790708683763name,22222
17790708683764,17790708683764name,22222
17790708683765,17790708683765name,22222
17790708683766,17790708683766name,22222
17790708683767,17790708683767name,22222
17790708683768,17790708683768name,22222
17790708683769,17790708683769name,22222
17790708683770,17790708683770name,22222
17790708683771,17790708683771name,22222
17790708683772,17790708683772name,22222
17790708683773,17790708683773name,22222
17790708683774,17790708683774name,22222
17790708683775,17790708683775name,22222
17790708683776,17790708683776name,22222
17790708683777,17790708683777name,22222
17790708683778,17790708683778name,22222
17790708683779,17790708683779name,22222
17790708683780,17790708683780name,22222
17790708683781,17790708683781name,22222
17790708683782,17790708683782name,22222
17790708683783,17790708683783name,22222
17790708683784,17790708683784name,22222
17790708683785,17790708683785name,22222
17790708683786,17790708683786name,22222
17790708683787,17790708683787name,22222
17790708683788,17790708683788name,22222
17790708683789,17790708683789name,22222
17790708683790,17790708683790name,22222
17790708683791,17790708683791name,22222
17790708683792,17790708683792name,22222
17790708683793,17790708683793name,22222
17790708683794,17790708683794name,22222
17790708683795,17790708683795name,22222
17790708683796,17790708683796name,22222
17790708683797,17790708683797name,22222
17790708683798,17790708683798name,22222
17790708683799,17790708683799name,22222
17790708683800,17790708683800name,22222
17790708683801,17790708683801name,22222
17790708683802,17790708683802name,22222
17790708683803,17790708683803name,22222
17790708683804,17790708683804name,22222
17790708683805,17790708683805name,22222
17790708683806,17790708683806name,22222
17790708683807,17790708683807name,22222
17790708683808,17790708683808name,22222
17790708683809,17790708683809name,22222
17790708683810,17790708683810name,22222
17790708683811,17790708683811name,22222
17790708683812,17790708683812name,22222
17790708683813,17790708683813name,22222
17790708683814,17790708683814name,22222
17790708683815,17790708683815name,22222
17790708683816,17790708683816name,22222
17790708683817,17790708683817name,22222
17790708683818,17790708683818name,22222
17790708683819,17790708683819name,22222
17790708683820,17790708683820name,22222
17790708683821,17790708683821name,22222
17790708683822,17790708683822name,22222
17790708683823,17790708683823name,22222
17790708683824,17790708683824name,22222
17790708683825,17790708683825name,22222
17790708683826,17790708683826name,22222
17790708683827,17790708683827name,22222
17790708683828,17790708683828name,22222
17790708683829,17790708683829name,22222
17790708683830,17790708683830name,22222
17790708683831,17790708683831name,22222
17790708683832,17790708683832name,22222
17790708683833,17790708683833name,22222
17790708683834,17790708683834name,22222
17790708683835,17790708683835name,22222
17790708683836,17790708683836name,22222
17790708683837,17790708683837name,22222
17790708683838,17790708683838name,22222
17790708683839,17790708683839name,22222
17790708683840,17790708683840name,22222
17790708683841,17790708683841name,22222
17790708683842,17790708683842name,22222
17790708683843,17790708683843name,22222
17790708683844,17790708683844name,22222
17790708683845,17790708683845name,22222
17790708683846,17790708683846name,22222
17790708683847,17790708683847name,22222
17790708683848,17790708683848name,22222
17790708683849,17790708683849name,22222
17790708683850,17790708683850name,22222
17790708683851,17790708683851name,22222
17790708683852,17790708683852name,22222
17790708683853,17790708683853name,22222
17790708683854,17790708683854name,22222
17790708683855,17790708683855name,22222
17790708683856,17790708683856name,22222
17790708683857,17790708683857name,22222
17790708683858,17790708683858name,22222
17790708683859,17790708683859name,22222
17790708683860,17790708683860name,22222
17790708683861,17790708683861name,22222
17790708683862,17790708683862name,22222
17790708683863,17790708683863name,22222
17790708683864,17790708683864name,22222
17790708683865,17790708683865name,22222
17790708683866,17790708683866name,22222
17790708683867,17790708683867name,22222
17790708683868,17790708683868name,22222
17790708683869,17790708683869name,22222
17790708683870,17790708683870name,22222
17790708683871,17790708683871name,22222
17790708683872,17790708683872name,22222
17790708683873,17790708683873name,22222
17790708683874,17790708683874name,22222
17790708683875,17790708683875name,22222
17790708683876,17790708683876name,22222
17790708683877,17790708683877name,22222
17790708683878,17790708683878name,22222
17790708683879,17790708683879name,22222
17790708683880,17790708683880name,22222
17790708683881,17790708683881name,22222
17790708683882,17790708683882name,22222
17790708683883,17790708683883name,22222
17790708683884,17790708683884name,22222
17790708683885,17790708683885name,22222
17790708683886,17790708683886name,22222
17790708683887,17790708683887name,22222
17790708683888,17790708683888name,22222
17790708683889,17790708683889name,22222
17790708683890,17790708683890name,22222
17790708683891,17790708683891name,22222
17790708683892,17790708683892name,22222
17790708683893,17790708683893name,22222
17790708683894,17790708683894name,22222
17790708683895,17790708683895name,22222
17790708683896,17790708683896name,22222
17790708683897,17790708683897name,22222
17790708683898,17790708683898name,22222
17790708683899,17790708683899name,22222
17790708683900,17790708683900name,22222
17790708683901,17790708683901name,22222
17790708683902,17790708683902name,22222
17790708683903,17790708683903name,22222
17790708683904,17790708683904name,22222
17790708683905,17790708683905name,22222
17790708683906,17790708683906name,22222
17790708683907,17790708683907name,22222
17790708683908,17790708683908name,22222
17790708683909,17790708683909name,22222
17790708683910,17790708683910name,22222
17790708683911,17790708683911name,22222
17790708683912,17790708683912name,22222
17790708683913,17790708683913name,22222
17790708683914,17790708683914name,22222
17790708683915,17790708683915name,22222
17790708683916,17790708683916name,22222
17790708683917,17790708683917name,22222
17790708683918,17790708683918name,22222
17790708683919,17790708683919name,22222
17790708683920,17790708683920name,22222
17790708683921,17790708683921name,22222
17790708683922,17790708683922name,22222
17790708683923,17790708683923name,22222
17790708683924,17790708683924name,22222
17790708683925,17790708683925name,22222
17790708683926,17790708683926name,22222
17790708683927,17790708683927name,22222
17790708683928,17790708683928name,22222
17790708683929,17790708683929name,22222
17790708683930,17790708683930name,22222
17790708683931,17790708683931name,22222
17790708683932,17790708683932name,22222
17790708683933,17790708683933name,22222
17790708683934,17790708683934name,22222
17790708683935,17790708683935name,22222
17790708683936,17790708683936name,22222
17790708683937,17790708683937name,22222
17790708683938,17790708683938name,22222
17790708683939,17790708683939name,22222
17790708683940,17790708683940name,22222
17790708683941,17790708683941name,22222
17790708683942,17790708683942name,22222
17790708683943,17790708683943name,22222
17790708683944,17790708683944name,22222
17790708683945,17790708683945name,22222
17790708683946,17790708683946name,22222
17790708683947,17790708683947name,22222
17790708683948,17790708683948name,22222
17790708683949,17790708683949name,22222
17790708683950,17790708683950name,22222
17790708683951,17790708683951name,22222
17790708683952,17790708683952name,22222
17790708683953,17790708683953name,22222
17790708683954,17790708683954name,22222
17790708683955,17790708683955name,22222
17790708683956,17790708683956name,22222
17790708683957,17790708683957name,22222
17790708683958,17790708683958name,22222
17790708683959,17790708683959name,22222
17790708683960,17790708683960name,22222
17790708683961,17790708683961name,22222
17790708683962,17790708683962name,22222
17790708683963,17790708683963name,22222
17790708683964,17790708683964name,22222
17790708683965,17790708683965name,22222
17790708683966,17790708683966name,22222
17790708683967,17790708683967name,22222
17790708683968,17790708683968name,22222
17790708683969,17790708683969name,22222
17790708683970,17790708683970name,22222
17790708683971,17790708683971name,22222
17790708683972,17790708683972name,22222
17790708683973,17790708683973name,22222
17790708683974,17790708683974name,22222
17790708683975,17790708683975name,22222
17790708683976,17790708683976name,22222
17790708683977,17790708683977name,22222
17790708683978,17790708683978name,22222
17790708683979,17790708683979name,22222
17790708683980,17790708683980name,22222
17790708683981,17790708683981name,22222
17790708683982,17790708683982name,22222
17790708683983,17790708683983name,22222
17790708683984,17790708683984name,22222
17790708683985,17790708683985name,22222
17790708683986,17790708683986name,22222
17790708683987,17790708683987name,22222
17790708683988,17790708683988name,22222
17790708683989,17790708683989name,22222
17790708683990,17790708683990name,22222
17790708683991,17790708683991name,22222
17790708683992,17790708683992name,22222
17790708683993,17790708683993name,22222
17790708683994,17790708683994name,22222
17790708683995,17790708683995name,22222
17790708683996,17790708683996name,22222
17790708683997,17790708683997name,22222
17790708683998,17790708683998name,22222
17790708683999,17790708683999name,22222
17790708684000,17790708684000name,22222
17790708684001,17790708684001name,22222
17790708684002,17790708684002name,22222
17790708684003,17790708684003name,22222
17790708684004,17790708684004name,22222
17790708684005,17790708684005name,22222
17790708684006,17790708684006name,22222
17790708684007,17790708684007name,22222
17790708684008,17790708684008name,22222
17790708684009,17790708684009name,22222
17790708684010,17790708684010name,22222
17790708684011,17790708684011name,22222
17790708684012,17790708684012name,22222
17790708684013,17790708684013name,22222
17790708684014,17790708684014name,22222
17790708684015,17790708684015name,22222
17790708684016,17790708684016name,22222
17790708684017,17790708684017name,22222
17790708684018,17790708684018name,22222
17790708684019,17790708684019name,22222
17790708684020,17790708684020name,22222
17790708684021,17790708684021name,22222
17790708684022,17790708684022name,22222
17790708684023,17790708684023name,22222
17790708684024,17790708684024name,22222
17790708684025,17790708684025name,22222
17790708684026,17790708684026name,22222
17790708684027,17790708684027name,22222
17790708684028,17790708684028name,22222
17790708684029,17790708684029name,22222
17790708684030,17790708684030name,22222
17790708684031,17790708684031name,22222
17790708684032,17790708684032name,22222
17790708684033,17790708684033name,22222
17790708684034,17790708684034name,22222
17790708684035,17790708684035name,22222
17790708684036,17790708684036name,22222
17790708684037,17790708684037name,22222
17790708684038,17790708684038name,22222
17790708684039,17790708684039name,22222
17790708684040,17790708684040name,22222
17790708684041,17790708684041name,22222
17790708684042,17790708684042name,22222
17790708684043,17790708684043name,22222
17790708684044,17790708684044name,22222
17790708684045,17790708684045name,22222
17790708684046,17790708684046name,22222
17790708684047,17790708684047name,22222
17790708684048,17790708684048name,22222
17790708684049,17790708684049name,22222
17790708684050,17790708684050name,22222
17790708684051,17790708684051name,22222
17790708684052,17790708684052name,22222
17790708684053,17790708684053name,22222
17790708684054,17790708684054name,22222
17790708684055,17790708684055name,22222
17790708684056,17790708684056name,22222
17790708684057,17790708684057name,22222
17790708684058,17790708684058name,22222
17790708684059,17790708684059name,22222
17790708684060,17790708684060name,22222
17790708684061,17790708684061name,22222
17790708684062,17790708684062name,22222
17790708684063,17790708684063name,22222
17790708684064,17790708684064name,22222
17790708684065,17790708684065name,22222
17790708684066,17790708684066name,22222
17790708684067,17790708684067name,22222
17790708684068,17790708684068name,22222
17790708684069,17790708684069name,22222
17790708684070,17790708684070name,22222
17790708684071,17790708684071name,22222
17790708684072,17790708684072name,22222
17790708684073,17790708684073name,22222
17790708684074,17790708684074name,22222
17790708684075,17790708684075name,22222
17790708684076,17790708684076name,22222
17790708684077,17790708684077name,22222
17790708684078,17790708684078name,22222
17790708684079,17790708684079name,22222
17790708684080,17790708684080name,22222
17790708684081,17790708684081name,22222
17790708684082,17790708684082name,22222
17790708684083,17790708684083name,22222
17790708684084,17790708684084name,22222
17790708684085,17790708684085name,22222
17790708684086,17790708684086name,22222
17790708684087,17790708684087name,22222
17790708684088,17790708684088name,22222
17790708684089,17790708684089name,22222
17790708684090,17790708684090name,22222
17790708684091,17790708684091name,22222
17790708684092,17790708684092name,22222
17790708684093,17790708684093name,22222
17790708684094,17790708684094name,22222
17790708684095,17790708684095name,22222
17790708684096,17790708684096name,22222
17790708684097,17790708684097name,22222
17790708684098,17790708684098name,22222
17790708684099,17790708684099name,22222
17790708684100,17790708684100name,22222
17790708684101,17790708684101name,22222
17790708684102,17790708684102name,22222
17790708684103,17790708684103name,22222
17790708684104,17790708684104name,22222
17790708684105,17790708684105name,22222
17790708684106,17790708684106name,22222
17790708684107,17790708684107name,22222
17790708684108,17790708684108name,22222
17790708684109,17790708684109name,22222
17790708684110,17790708684110name,22222
17790708684111,17790708684111name,22222
17790708684112,17790708684112name,22222
17790708684113,17790708684113name,22222
17790708684114,17790708684114name,22222
17790708684115,17790708684115name,22222
17790708684116,17790708684116name,22222
17790708684117,17790708684117name,22222
17790708684118,17790708684118name,22222
17790708684119,17790708684119name,22222
17790708684120,17790708684120name,22222
17790708684121,17790708684121name,22222
17790708684122,17790708684122name,22222
17790708684123,17790708684123name,22222
17790708684124,17790708684124name,22222
17790708684125,17790708684125name,22222
17790708684126,17790708684126name,22222
17790708684127,17790708684127name,22222
17790708684128,17790708684128name,22222
17790708684129,17790708684129name,22222
17790708684130,17790708684130name,22222
17790708684131,17790708684131name,22222
17790708684132,17790708684132name,22222
17790708684133,17790708684133name,22222
17790708684134,17790708684134name,22222
17790708684135,17790708684135name,22222
17790708684136,17790708684136name,22222
17790708684137,17790708684137name,22222
17790708684138,17790708684138name,22222
17790708684139,17790708684139name,22222
17790708684140,17790708684140name,22222
17790708684141,17790708684141name,22222
17790708684142,17790708684142name,22222
17790708684143,17790708684143name,22222
17790708684144,17790708684144name,22222
17790708684145,17790708684145name,22222
17790708684146,17790708684146name,22222
17790708684147,17790708684147name,22222
17790708684148,17790708684148name,22222
17790708684149,17790708684149name,22222
17790708684150,17790708684150name,22222
17790708684151,17790708684151name,22222
17790708684152,17790708684152name,22222
17790708684153,17790708684153name,22222
17790708684154,17790708684154name,22222
17790708684155,17790708684155name,22222
17790708684156,17790708684156name,22222
17790708684157,17790708684157name,22222
17790708684158,17790708684158name,22222
17790708684159,17790708684159name,22222
17790708684160,17790708684160name,22222
17790708684161,17790708684161name,22222
17790708684162,17790708684162name,22222
17790708684163,17790708684163name,22222
17790708684164,17790708684164name,22222
17790708684165,17790708684165name,22222
17790708684166,17790708684166name,22222
17790708684167,17790708684167name,22222
17790708684168,17790708684168name,22222
17790708684169,17790708684169name,22222
17790708684170,17790708684170name,22222
17790708684171,17790708684171name,22222
17790708684172,17790708684172name,22222
17790708684173,17790708684173name,22222
17790708684174,17790708684174name,22222
17790708684175,17790708684175name,22222
17790708684176,17790708684176name,22222
17790708684177,17790708684177name,22222
17790708684178,17790708684178name,22222
17790708684179,17790708684179name,22222
17790708684180,17790708684180name,22222
17790708684181,17790708684181name,22222
17790708684182,17790708684182name,22222
17790708684183,17790708684183name,22222
17790708684184,17790708684184name,22222
17790708684185,17790708684185name,22222
17790708684186,17790708684186name,22222
17790708684187,17790708684187name,22222
17790708684188,17790708684188name,22222
17790708684189,17790708684189name,22222
17790708684190,17790708684190name,22222
17790708684191,17790708684191name,22222
17790708684192,17790708684192name,22222
17790708684193,17790708684193name,22222
17790708684194,17790708684194name,22222
17790708684195,17790708684195name,22222
17790708684196,17790708684196name,22222
17790708684197,17790708684197name,22222
17790708684198,17790708684198name,22222
17790708684199,17790708684199name,22222
17790708684200,17790708684200name,22222
17790708684201,17790708684201name,22222
17790708684202,17790708684202name,22222
17790708684203,17790708684203name,22222
17790708684204,17790708684204name,22222
17790708684205,17790708684205name,22222
17790708684206,17790708684206name,22222
17790708684207,17790708684207name,22222
17790708684208,17790708684208name,22222
17790708684209,17790708684209name,22222
17790708684210,17790708684210name,22222
17790708684211,17790708684211name,22222
17790708684212,17790708684212name,22222
17790708684213,17790708684213name,22222
17790708684214,17790708684214name,22222
17790708684215,17790708684215name,22222
17790708684216,17790708684216name,22222
17790708684217,17790708684217name,22222
17790708684218,17790708684218name,22222
17790708684219,17790708684219name,22222
17790708684220,17790708684220name,22222
17790708684221,17790708684221name,22222
17790708684222,17790708684222name,22222
17790708684223,17790708684223name,22222
17790708684224,17790708684224name,22222
17790708684225,17790708684225name,22222
17790708684226,17790708684226name,22222
17790708684227,17790708684227name,22222
17790708684228,17790708684228name,22222
17790708684229,17790708684229name,22222
17790708684230,17790708684230name,22222
17790708684231,17790708684231name,22222
17790708684232,17790708684232name,22222
17790708684233,17790708684233name,22222
17790708684234,17790708684234name,22222
17790708684235,17790708684235name,22222
17790708684236,17790708684236name,22222
17790708684237,17790708684237name,22222
17790708684238,17790708684238name,22222
17790708684239,17790708684239name,22222
17790708684240,17790708684240name,22222
17790708684241,17790708684241name,22222
17790708684242,17790708684242name,22222
17790708684243,17790708684243name,22222
17790708684244,17790708684244name,22222
17790708684245,17790708684245name,22222
17790708684246,17790708684246name,22222
17790708684247,17790708684247name,22222
17790708684248,17790708684248name,22222
17790708684249,17790708684249name,22222
17790708684250,17790708684250name,22222
17790708684251,17790708684251name,22222
17790708684252,17790708684252name,22222
17790708684253,17790708684253name,22222
17790708684254,17790708684254name,22222
17790708684255,17790708684255name,22222
17790708684256,17790708684256name,22222
17790708684257,17790708684257name,22222
17790708684258,17790708684258name,22222
17790708684259,17790708684259name,22222
17790708684260,17790708684260name,22222
17790708684261,17790708684261name,22222
17790708684262,17790708684262name,22222
17790708684263,17790708684263name,22222
17790708684264,17790708684264name,22222
17790708684265,17790708684265name,22222
17790708684266,17790708684266name,22222
17790708684267,17790708684267name,22222
17790708684268,17790708684268name,22222
17790708684269,17790708684269name,22222
17790708684270,17790708684270name,22222
17790708684271,17790708684271name,22222
17790708684272,17790708684272name,22222
17790708684273,17790708684273name,22222
17790708684274,17790708684274name,22222
17790708684275,17790708684275name,22222
17790708684276,17790708684276name,22222
17790708684277,17790708684277name,22222
17790708684278,17790708684278name,22222
17790708684279,17790708684279name,22222
17790708684280,17790708684280name,22222
17790708684281,17790708684281name,22222
17790708684282,17790708684282name,22222
17790708684283,17790708684283name,22222
17790708684284,17790708684284name,22222
17790708684285,17790708684285name,22222
17790708684286,17790708684286name,22222
17790708684287,17790708684287name,22222
17790708684288,17790708684288name,22222
17790708684289,17790708684289name,22222
17790708684290,17790708684290name,22222
17790708684291,17790708684291name,22222
17790708684292,17790708684292name,22222
17790708684293,17790708684293name,22222
17790708684294,17790708684294name,22222
17790708684295,17790708684295name,22222
17790708684296,17790708684296name,22222
17790708684297,17790708684297name,22222
17790708684298,17790708684298name,22222
17790708684299,17790708684299name,22222
17790708684300,17790708684300name,22222
17790708684301,17790708684301name,22222
17790708684302,17790708684302name,22222
17790708684303,17790708684303name,22222
17790708684304,17790708684304name,22222
17790708684305,17790708684305name,22222
17790708684306,17790708684306name,22222
17790708684307,17790708684307name,22222
17790708684308,17790708684308name,22222
17790708684309,17790708684309name,22222
17790708684310,17790708684310name,22222
17790708684311,17790708684311name,22222
17790708684312,17790708684312name,22222
17790708684313,17790708684313name,22222
17790708684314,17790708684314name,22222
17790708684315,17790708684315name,22222
17790708684316,17790708684316name,22222
17790708684317,17790708684317name,22222
17790708684318,17790708684318name,22222
17790708684319,17790708684319name,22222
17790708684320,17790708684320name,22222
17790708684321,17790708684321name,22222
17790708684322,17790708684322name,22222
17790708684323,17790708684323name,22222
17790708684324,17790708684324name,22222
17790708684325,17790708684325name,22222
17790708684326,17790708684326name,22222
17790708684327,17790708684327name,22222
17790708684328,17790708684328name,22222
17790708684329,17790708684329name,22222
17790708684330,17790708684330name,22222
17790708684331,17790708684331name,22222
17790708684332,17790708684332name,22222
17790708684333,17790708684333name,22222
17790708684334,17790708684334name,22222
17790708684335,17790708684335name,22222
17790708684336,17790708684336name,22222
17790708684337,17790708684337name,22222
17790708684338,17790708684338name,22222
17790708684339,17790708684339name,22222
17790708684340,17790708684340name,22222
17790708684341,17790708684341name,22222
17790708684342,17790708684342name,22222
17790708684343,17790708684343name,22222
17790708684344,17790708684344name,22222
17790708684345,17790708684345name,22222
17790708684346,17790708684346name,22222
17790708684347,17790708684347name,22222
17790708684348,17790708684348name,22222
17790708684349,17790708684349name,22222
17790708684350,17790708684350name,22222
17790708684351,17790708684351name,22222
17790708684352,17790708684352name,22222
17790708684353,17790708684353name,22222
17790708684354,17790708684354name,22222
17790708684355,17790708684355name,22222
17790708684356,17790708684356name,22222
17790708684357,17790708684357name,22222
17790708684358,17790708684358name,22222
17790708684359,17790708684359name,22222
17790708684360,17790708684360name,22222
17790708684361,17790708684361name,22222
17790708684362,17790708684362name,22222
17790708684363,17790708684363name,22222
17790708684364,17790708684364name,22222
17790708684365,17790708684365name,22222
17790708684366,17790708684366name,22222
17790708684367,17790708684367name,22222
17790708684368,17790708684368name,22222
17790708684369,17790708684369name,22222
17790708684370,17790708684370name,22222
17790708684371,17790708684371name,22222
17790708684372,17790708684372name,22222
17790708684373,17790708684373name,22222
17790708684374,17790708684374name,22222
17790708684375,17790708684375name,22222
17790708684376,17790708684376name,22222
17790708684377,17790708684377name,22222
17790708684378,17790708684378name,22222
17790708684379,17790708684379name,22222
17790708684380,17790708684380name,22222
17790708684381,17790708684381name,22222
17790708684382,17790708684382name,22222
17790708684383,17790708684383name,22222
17790708684384,17790708684384name,22222
17790708684385,17790708684385name,22222
17790708684386,17790708684386name,22222
17790708684387,17790708684387name,22222
17790708684388,17790708684388name,22222
17790708684389,17790708684389name,22222
17790708684390,17790708684390name,22222
17790708684391,17790708684391name,22222
17790708684392,17790708684392name,22222
17790708684393,17790708684393name,22222
17790708684394,17790708684394name,22222
17790708684395,17790708684395name,22222
17790708684396,17790708684396name,22222
17790708684397,17790708684397name,22222
17790708684398,17790708684398name,22222
17790708684399,17790708684399name,22222
17790708684400,17790708684400name,22222
17790708684401,17790708684401name,22222
17790708684402,17790708684402name,22222
17790708684403,17790708684403name,22222
17790708684404,17790708684404name,22222
17790708684405,17790708684405name,22222
17790708684406,17790708684406name,22222
17790708684407,17790708684407name,22222
17790708684408,17790708684408name,22222
17790708684409,17790708684409name,22222
17790708684410,17790708684410name,22222
17790708684411,17790708684411name,22222
17790708684412,17790708684412name,22222
17790708684413,17790708684413name,22222
17790708684414,17790708684414name,22222
17790708684415,17790708684415name,22222
17790708684416,17790708684416name,22222
17790708684417,17790708684417name,22222
17790708684418,17790708684418name,22222
17790708684419,17790708684419name,22222
17790708684420,17790708684420name,22222
17790708684421,17790708684421name,22222
17790708684422,17790708684422name,22222
17790708684423,17790708684423name,22222
17790708684424,17790708684424name,22222
17790708684425,17790708684425name,22222
17790708684426,17790708684426name,22222
17790708684427,17790708684427name,22222
17790708684428,17790708684428name,22222
17790708684429,17790708684429name,22222
17790708684430,17790708684430name,22222
17790708684431,17790708684431name,22222
17790708684432,17790708684432name,22222
17790708684433,17790708684433name,22222
17790708684434,17790708684434name,22222
17790708684435,17790708684435name,22222
17790708684436,17790708684436name,22222
17790708684437,17790708684437name,22222
17790708684438,17790708684438name,22222
17790708684439,17790708684439name,22222
17790708684440,17790708684440name,22222
17790708684441,17790708684441name,22222
17790708684442,17790708684442name,22222
17790708684443,17790708684443name,22222
17790708684444,17790708684444name,22222
17790708684445,17790708684445name,22222
17790708684446,17790708684446name,22222
17790708684447,17790708684447name,22222
17790708684448,17790708684448name,22222
17790708684449,17790708684449name,22222
17790708684450,17790708684450name,22222
17790708684451,17790708684451name,22222
17790708684452,17790708684452name,22222
17790708684453,17790708684453name,22222
17790708684454,17790708684454name,22222
17790708684455,17790708684455name,22222
17790708684456,17790708684456name,22222
17790708684457,17790708684457name,22222
17790708684458,17790708684458name,22222
17790708684459,17790708684459name,22222
17790708684460,17790708684460name,22222
17790708684461,17790708684461name,22222
17790708684462,17790708684462name,22222
17790708684463,17790708684463name,22222
17790708684464,17790708684464name,22222
17790708684465,17790708684465name,22222
17790708684466,17790708684466name,22222
17790708684467,17790708684467name,22222
17790708684468,17790708684468name,22222
17790708684469,17790708684469name,22222
17790708684470,17790708684470name,22222
17790708684471,17790708684471name,22222
17790708684472,17790708684472name,22222
17790708684473,17790708684473name,22222
17790708684474,17790708684474name,22222
17790708684475,17790708684475name,22222
17790708684476,17790708684476name,22222
17790708684477,17790708684477name,22222
17790708684478,17790708684478name,22222
17790708684479,17790708684479name,22222
17790708684480,17790708684480name,22222
17790708684481,17790708684481name,22222
17790708684482,17790708684482name,22222
17790708684483,17790708684483name,22222
17790708684484,17790708684484name,22222
17790708684485,17790708684485name,22222
17790708684486,17790708684486name,22222
17790708684487,17790708684487name,22222
17790708684488,17790708684488name,22222
17790708684489,17790708684489name,22222
17790708684490,17790708684490name,22222
17790708684491,17790708684491name,22222
17790708684492,17790708684492name,22222
17790708684493,17790708684493name,22222
17790708684494,17790708684494name,22222
17790708684495,17790708684495name,22222
17790708684496,17790708684496name,22222
17790708684497,17790708684497name,22222
17790708684498,17790708684498name,22222
17790708684499,17790708684499name,22222
17790708684500,17790708684500name,22222
17790708684501,17790708684501name,22222
17790708684502,17790708684502name,22222
17790708684503,17790708684503name,22222
17790708684504,17790708684504name,22222
17790708684505,17790708684505name,22222
17790708684506,17790708684506name,22222
17790708684507,17790708684507name,22222
17790708684508,17790708684508name,22222
17790708684509,17790708684509name,22222
17790708684510,17790708684510name,22222
17790708684511,17790708684511name,22222
17790708684512,17790708684512name,22222
17790708684513,17790708684513name,22222
17790708684514,17790708684514name,22222
17790708684515,17790708684515name,22222
17790708684516,17790708684516name,22222
17790708684517,17790708684517name,22222
17790708684518,17790708684518name,22222
17790708684519,17790708684519name,22222
17790708684520,17790708684520name,22222
17790708684521,17790708684521name,22222
17790708684522,17790708684522name,22222
17790708684523,17790708684523name,22222
17790708684524,17790708684524name,22222
17790708684525,17790708684525name,22222
17790708684526,17790708684526name,22222
17790708684527,17790708684527name,22222
17790708684528,17790708684528name,22222
17790708684529,17790708684529name,22222
17790708684530,17790708684530name,22222
17790708684531,17790708684531name,22222
17790708684532,17790708684532name,22222
17790708684533,17790708684533name,22222
17790708684534,17790708684534name,22222
17790708684535,17790708684535name,22222
17790708684536,17790708684536name,22222
17790708684537,17790708684537name,22222
17790708684538,17790708684538name,22222
17790708684539,17790708684539name,22222
17790708684540,17790708684540name,22222
17790708684541,17790708684541name,22222
17790708684542,17790708684542name,22222
17790708684543,17790708684543name,22222
17790708684544,17790708684544name,22222
17790708684545,17790708684545name,22222
17790708684546,17790708684546name,22222
17790708684547,17790708684547name,22222
17790708684548,17790708684548name,22222
17790708684549,17790708684549name,22222
17790708684550,17790708684550name,22222
17790708684551,17790708684551name,22222
17790708684552,17790708684552name,22222
17790708684553,17790708684553name,22222
17790708684554,17790708684554name,22222
17790708684555,17790708684555name,22222
17790708684556,17790708684556name,22222
17790708684557,17790708684557name,22222
17790708684558,17790708684558name,22222
17790708684559,17790708684559name,22222
17790708684560,17790708684560name,22222
17790708684561,17790708684561name,22222
17790708684562,17790708684562name,22222
17790708684563,17790708684563name,22222
17790708684564,17790708684564name,22222
17790708684565,17790708684565name,22222
17790708684566,17790708684566name,22222
17790708684567,17790708684567name,22222
17790708684568,17790708684568name,22222
17790708684569,17790708684569name,22222
17790708684570,17790708684570name,22222
17790708684571,17790708684571name,22222
17790708684572,17790708684572name,22222
17790708684573,17790708684573name,22222
17790708684574,17790708684574name,22222
17790708684575,17790708684575name,22222
17790708684576,17790708684576name,22222
17790708684577,17790708684577name,22222
17790708684578,17790708684578name,22222
17790708684579,17790708684579name,22222
17790708684580,17790708684580name,22222
17790708684581,17790708684581name,22222
17790708684582,17790708684582name,22222
17790708684583,17790708684583name,22222
17790708684584,17790708684584name,22222
17790708684585,17790708684585name,22222
17790708684586,17790708684586name,22222
17790708684587,17790708684587name,22222
17790708684588,17790708684588name,22222
17790708684589,17790708684589name,22222
17790708684590,17790708684590name,22222
17790708684591,17790708684591name,22222
17790708684592,17790708684592name,22222
17790708684593,17790708684593name,22222
17790708684594,17790708684594name,22222
17790708684595,17790708684595name,22222
17790708684596,17790708684596name,22222
17790708684597,17790708684597name,22222
17790708684598,17790708684598name,22222
17790708684599,17790708684599name,22222
17790708684600,17790708684600name,22222
17790708684601,17790708684601name,22222
17790708684602,17790708684602name,22222
17790708684603,17790708684603name,22222
17790708684604,17790708684604name,22222
17790708684605,17790708684605name,22222
17790708684606,17790708684606name,22222
17790708684607,17790708684607name,22222
17790708684608,17790708684608name,22222
17790708684609,17790708684609name,22222
17790708684610,17790708684610name,22222
17790708684611,17790708684611name,22222
17790708684612,17790708684612name,22222
17790708684613,17790708684613name,22222
17790708684614,17790708684614name,22222
17790708684615,17790708684615name,22222
17790708684616,17790708684616name,22222
17790708684617,17790708684617name,22222
17790708684618,17790708684618name,22222
17790708684619,17790708684619name,22222
17790708684620,17790708684620name,22222
17790708684621,17790708684621name,22222
17790708684622,17790708684622name,22222
17790708684623,17790708684623name,22222
17790708684624,17790708684624name,22222
17790708684625,17790708684625name,22222
17790708684626,17790708684626name,22222
17790708684627,17790708684627name,22222
17790708684628,17790708684628name,22222
17790708684629,17790708684629name,22222
17790708684630,17790708684630name,22222
17790708684631,17790708684631name,22222
17790708684632,17790708684632name,22222
17790708684633,17790708684633name,22222
17790708684634,17790708684634name,22222
17790708684635,17790708684635name,22222
17790708684636,17790708684636name,22222
17790708684637,17790708684637name,22222
17790708684638,17790708684638name,22222
17790708684639,17790708684639name,22222
17790708684640,17790708684640name,22222
17790708684641,17790708684641name,22222
17790708684642,17790708684642name,22222
17790708684643,17790708684643name,22222
17790708684644,17790708684644name,22222
17790708684645,17790708684645name,22222
17790708684646,17790708684646name,22222
17790708684647,17790708684647name,22222
17790708684648,17790708684648name,22222
17790708684649,17790708684649name,22222
17790708684650,17790708684650name,22222
17790708684651,17790708684651name,22222
17790708684652,17790708684652name,22222
17790708684653,17790708684653name,22222
17790708684654,17790708684654name,22222
17790708684655,17790708684655name,22222
17790708684656,17790708684656name,22222
17790708684657,17790708684657name,22222
17790708684658,17790708684658name,22222
17790708684659,17790708684659name,22222
17790708684660,17790708684660name,22222
17790708684661,17790708684661name,22222
17790708684662,17790708684662name,22222
17790708684663,17790708684663name,22222
17790708684664,17790708684664name,22222
17790708684665,17790708684665name,22222
17790708684666,17790708684666name,22222
17790708684667,17790708684667name,22222
17790708684668,17790708684668name,22222
17790708684669,17790708684669name,22222
17790708684670,17790708684670name,22222
17790708684671,17790708684671name,22222
17790708684672,17790708684672name,22222
17790708684673,17790708684673name,22222
17790708684674,17790708684674name,22222
17790708684675,17790708684675name,22222
17790708684676,17790708684676name,22222
17790708684677,17790708684677name,22222
17790708684678,17790708684678name,22222
17790708684679,17790708684679name,22222
17790708684680,17790708684680name,22222
17790708684681,17790708684681name,22222
17790708684682,17790708684682name,22222
17790708684683,17790708684683name,22222
17790708684684,17790708684684name,22222
17790708684685,17790708684685name,22222
17790708684686,17790708684686name,22222
17790708684687,17790708684687name,22222
17790708684688,17790708684688name,22222
17790708684689,17790708684689name,22222
17790708684690,17790708684690name,22222
17790708684691,17790708684691name,22222
17790708684692,17790708684692name,22222
17790708684693,17790708684693name,22222
17790708684694,17790708684694name,22222
17790708684695,17790708684695name,22222
17790708684696,17790708684696name,22222
17790708684697,17790708684697name,22222
17790708684698,17790708684698name,22222
17790708684699,17790708684699name,22222
17790708684700,17790708684700name,22222
17790708684701,17790708684701name,22222
17790708684702,17790708684702name,22222
17790708684703,17790708684703name,22222
17790708684704,17790708684704name,22222
17790708684705,17790708684705name,22222
17790708684706,17790708684706name,22222
17790708684707,17790708684707name,22222
17790708684708,17790708684708name,22222
17790708684709,17790708684709name,22222
17790708684710,17790708684710name,22222
17790708684711,17790708684711name,22222
17790708684712,17790708684712name,22222
17790708684713,17790708684713name,22222
17790708684714,17790708684714name,22222
17790708684715,17790708684715name,22222
17790708684716,17790708684716name,22222
17790708684717,17790708684717name,22222
17790708684718,17790708684718name,22222
17790708684719,17790708684719name,22222
17790708684720,17790708684720name,22222
17790708684721,17790708684721name,22222
17790708684722,17790708684722name,22222
17790708684723,17790708684723name,22222
17790708684724,17790708684724name,22222
17790708684725,17790708684725name,22222
17790708684726,17790708684726name,22222
17790708684727,17790708684727name,22222
17790708684728,17790708684728name,22222
17790708684729,17790708684729name,22222
17790708684730,17790708684730name,22222
17790708684731,17790708684731name,22222
17790708684732,17790708684732name,22222
17790708684733,17790708684733name,22222
17790708684734,17790708684734name,22222
17790708684735,17790708684735name,22222
17790708684736,17790708684736name,22222
17790708684737,17790708684737name,22222
17790708684738,17790708684738name,22222
17790708684739,17790708684739name,22222
17790708684740,17790708684740name,22222
17790708684741,17790708684741name,22222
17790708684742,17790708684742name,22222
17790708684743,17790708684743name,22222
17790708684744,17790708684744name,22222
17790708684745,17790708684745name,22222
17790708684746,17790708684746name,22222
17790708684747,17790708684747name,22222
17790708684748,17790708684748name,22222
17790708684749,17790708684749name,22222
17790708684750,17790708684750name,22222
17790708684751,17790708684751name,22222
17790708684752,17790708684752name,22222
17790708684753,17790708684753name,22222
17790708684754,17790708684754name,22222
17790708684755,17790708684755name,22222
17790708684756,17790708684756name,22222
17790708684757,17790708684757name,22222
17790708684758,17790708684758name,22222
17790708684759,17790708684759name,22222
17790708684760,17790708684760name,22222
17790708684761,17790708684761name,22222
17790708684762,17790708684762name,22222
17790708684763,17790708684763name,22222
17790708684764,17790708684764name,22222
17790708684765,17790708684765name,22222
17790708684766,17790708684766name,22222
17790708684767,17790708684767name,22222
17790708684768,17790708684768name,22222
17790708684769,17790708684769name,22222
17790708684770,17790708684770name,22222
17790708684771,17790708684771name,22222
17790708684772,17790708684772name,22222
17790708684773,17790708684773name,22222
17790708684774,17790708684774name,22222
17790708684775,17790708684775name,22222
17790708684776,17790708684776name,22222
17790708684777,17790708684777name,22222
17790708684778,17790708684778name,22222
17790708684779,17790708684779name,22222
17790708684780,17790708684780name,22222
17790708684781,17790708684781name,22222
17790708684782,17790708684782name,22222
17790708684783,17790708684783name,22222
17790708684784,17790708684784name,22222
17790708684785,17790708684785name,22222
17790708684786,17790708684786name,22222
17790708684787,17790708684787name,22222
17790708684788,17790708684788name,22222
17790708684789,17790708684789name,22222
17790708684790,17790708684790name,22222
17790708684791,17790708684791name,22222
17790708684792,17790708684792name,22222
17790708684793,17790708684793name,22222
17790708684794,17790708684794name,22222
17790708684795,17790708684795name,22222
17790708684796,17790708684796name,22222
17790708684797,17790708684797name,22222
17790708684798,17790708684798name,22222
17790708684799,17790708684799name,22222
17790708684800,17790708684800name,22222
17790708684801,17790708684801name,22222
17790708684802,17790708684802name,22222
17790708684803,17790708684803name,22222
17790708684804,17790708684804name,22222
17790708684805,17790708684805name,22222
17790708684806,17790708684806name,22222
17790708684807,17790708684807name,22222
17790708684808,17790708684808name,22222
17790708684809,17790708684809name,22222
17790708684810,17790708684810name,22222
17790708684811,17790708684811name,22222
17790708684812,17790708684812name,22222
17790708684813,17790708684813name,22222
17790708684814,17790708684814name,22222
17790708684815,17790708684815name,22222
17790708684816,17790708684816name,22222
17790708684817,17790708684817name,22222
17790708684818,17790708684818name,22222
17790708684819,17790708684819name,22222
17790708684820,17790708684820name,22222
17790708684821,17790708684821name,22222
17790708684822,17790708684822name,22222
17790708684823,17790708684823name,22222
17790708684824,17790708684824name,22222
17790708684825,17790708684825name,22222
17790708684826,17790708684826name,22222
17790708684827,17790708684827name,22222
17790708684828,17790708684828name,22222
17790708684829,17790708684829name,22222
17790708684830,17790708684830name,22222
17790708684831,17790708684831name,22222
17790708684832,17790708684832name,22222
17790708684833,17790708684833name,22222
17790708684834,17790708684834name,22222
17790708684835,17790708684835name,22222
17790708684836,17790708684836name,22222
17790708684837,17790708684837name,22222
17790708684838,17790708684838name,22222
17790708684839,17790708684839name,22222
17790708684840,17790708684840name,22222
17790708684841,17790708684841name,22222
17790708684842,17790708684842name,22222
17790708684843,17790708684843name,22222
17790708684844,17790708684844name,22222
17790708684845,17790708684845name,22222
17790708684846,17790708684846name,22222
17790708684847,17790708684847name,22222
17790708684848,17790708684848name,22222
17790708684849,17790708684849name,22222
17790708684850,17790708684850name,22222
17790708684851,17790708684851name,22222
17790708684852,17790708684852name,22222
17790708684853,17790708684853name,22222
17790708684854,17790708684854name,22222
17790708684855,17790708684855name,22222
17790708684856,17790708684856name,22222
17790708684857,17790708684857name,22222
17790708684858,17790708684858name,22222
17790708684859,17790708684859name,22222
17790708684860,17790708684860name,22222
17790708684861,17790708684861name,22222
17790708684862,17790708684862name,22222
17790708684863,17790708684863name,22222
17790708684864,17790708684864name,22222
17790708684865,17790708684865name,22222
17790708684866,17790708684866name,22222
17790708684867,17790708684867name,22222
17790708684868,17790708684868name,22222
17790708684869,17790708684869name,22222
17790708684870,17790708684870name,22222
17790708684871,17790708684871name,22222
17790708684872,17790708684872name,22222
17790708684873,17790708684873name,22222
17790708684874,17790708684874name,22222
17790708684875,17790708684875name,22222
17790708684876,17790708684876name,22222
17790708684877,17790708684877name,22222
17790708684878,17790708684878name,22222
17790708684879,17790708684879name,22222
17790708684880,17790708684880name,22222
17790708684881,17790708684881name,22222
17790708684882,17790708684882name,22222
17790708684883,17790708684883name,22222
17790708684884,17790708684884name,22222
17790708684885,17790708684885name,22222
17790708684886,17790708684886name,22222
17790708684887,17790708684887name,22222
17790708684888,17790708684888name,22222
17790708684889,17790708684889name,22222
17790708684890,17790708684890name,22222
17790708684891,17790708684891name,22222
17790708684892,17790708684892name,22222
17790708684893,17790708684893name,22222
17790708684894,17790708684894name,22222
17790708684895,17790708684895name,22222
17790708684896,17790708684896name,22222
17790708684897,17790708684897name,22222
17790708684898,17790708684898name,22222
17790708684899,17790708684899name,22222
17790708684900,17790708684900name,22222
17790708684901,17790708684901name,22222
17790708684902,17790708684902name,22222
17790708684903,17790708684903name,22222
17790708684904,17790708684904name,22222
17790708684905,17790708684905name,22222
17790708684906,17790708684906name,22222
17790708684907,17790708684907name,22222
17790708684908,17790708684908name,22222
17790708684909,17790708684909name,22222
17790708684910,17790708684910name,22222
17790708684911,17790708684911name,22222
17790708684912,17790708684912name,22222
17790708684913,17790708684913name,22222
17790708684914,17790708684914name,22222
17790708684915,17790708684915name,22222
17790708684916,17790708684916name,22222
17790708684917,17790708684917name,22222
17790708684918,17790708684918name,22222
17790708684919,17790708684919name,22222
17790708684920,17790708684920name,22222
17790708684921,17790708684921name,22222
17790708684922,17790708684922name,22222
17790708684923,17790708684923name,22222
17790708684924,17790708684924name,22222
17790708684925,17790708684925name,22222
17790708684926,17790708684926name,22222
17790708684927,17790708684927name,22222
17790708684928,17790708684928name,22222
17790708684929,17790708684929name,22222
17790708684930,17790708684930name,22222
17790708684931,17790708684931name,22222
17790708684932,17790708684932name,22222
17790708684933,17790708684933name,22222
17790708684934,17790708684934name,22222
17790708684935,17790708684935name,22222
17790708684936,17790708684936name,22222
17790708684937,17790708684937name,22222
17790708684938,17790708684938name,22222
17790708684939,17790708684939name,22222
17790708684940,17790708684940name,22222
17790708684941,17790708684941name,22222
17790708684942,17790708684942name,22222
17790708684943,17790708684943name,22222
17790708684944,17790708684944name,22222
17790708684945,17790708684945name,22222
17790708684946,17790708684946name,22222
17790708684947,17790708684947name,22222
17790708684948,17790708684948name,22222
17790708684949,17790708684949name,22222
17790708684950,17790708684950name,22222
17790708684951,17790708684951name,22222
17790708684952,17790708684952name,22222
17790708684953,17790708684953name,22222
17790708684954,17790708684954name,22222
17790708684955,17790708684955name,22222
17790708684956,17790708684956name,22222
17790708684957,17790708684957name,22222
17790708684958,17790708684958name,22222
17790708684959,17790708684959name,22222
17790708684960,17790708684960name,22222
17790708684961,17790708684961name,22222
17790708684962,17790708684962name,22222
17790708684963,17790708684963name,22222
17790708684964,17790708684964name,22222
17790708684965,17790708684965name,22222
17790708684966,17790708684966name,22222
17790708684967,17790708684967name,22222
17790708684968,17790708684968name,22222
17790708684969,17790708684969name,22222
17790708684970,17790708684970name,22222
17790708684971,17790708684971name,22222
17790708684972,17790708684972name,22222
17790708684973,17790708684973name,22222
17790708684974,17790708684974name,22222
17790708684975,17790708684975name,22222
17790708684976,17790708684976name,22222
17790708684977,17790708684977name,22222
17790708684978,17790708684978name,22222
17790708684979,17790708684979name,22222
17790708684980,17790708684980name,22222
17790708684981,17790708684981name,22222
17790708684982,17790708684982name,22222
17790708684983,17790708684983name,22222
17790708684984,17790708684984name,22222
17790708684985,17790708684985name,22222
17790708684986,17790708684986name,22222
17790708684987,17790708684987name,22222
17790708684988,17790708684988name,22222
17790708684989,17790708684989name,22222
17790708684990,17790708684990name,22222
17790708684991,17790708684991name,22222
17790708684992,17790708684992name,22222
17790708684993,17790708684993name,22222
17790708684994,17790708684994name,22222
17790708684995,17790708684995name,22222
17790708684996,17790708684996name,22222
17790708684997,17790708684997name,22222
17790708684998,17790708684998name,22222
17790708684999,17790708684999name,22222
17790708685000,17790708685000name,22222
